film_id,film_title,category,total_revenue,total_rental,average_revenue,last_rental_date,inventory_count,customer_count,average_rental_duration
730,Ridgemont Submarine,New,110.72,28,3.9542857142857137,2006-02-14 15:16:03,8,28,5 days 21:05:13.333333
892,Titanic Boondock,Animation,149.78,22,6.808181818181818,2006-02-14 15:16:03,7,21,4 days 19:28:03
286,Enough Raging,Travel,51.84,16,3.24,2006-02-14 15:16:03,5,16,5 days 22:03:32
664,Patriot Roman,Action,52.85,15,3.523333333333333,2005-08-22 16:40:21,5,15,5 days 16:45:12
550,Maguire Apache,Family,33.91,9,3.7677777777777774,2005-08-22 12:38:20,3,9,5 days 12:31:40
504,Kwai Homeward,Drama,42.8,20,2.14,2005-08-22 19:44:00,6,19,4 days 27:15:00
580,Mine Titans,New,138.83,17,8.166470588235294,2005-08-23 20:20:23,6,17,5 days 19:14:10.588236
982,Women Dorado,Action,38.81,20,1.9405,2006-02-14 15:16:03,7,20,3 days 26:55:22.105263
315,Finding Anaconda,Family,26.9,10,2.69,2005-08-21 16:56:39,3,10,5 days 15:54:30
992,Wrath Mile,Documentary,22.87,13,1.7592307692307692,2005-08-22 20:31:38,4,13,4 days 13:46:00
395,Handicap Boondock,Action,50.76,24,2.115,2005-08-22 18:04:22,6,24,3 days 33:03:45
690,Pond Seattle,Animation,61.82,18,3.4344444444444444,2005-08-22 11:09:18,6,17,5 days 19:21:03.333333
367,Goldmine Tycoon,Sci-Fi,43.76,24,1.8233333333333333,2005-08-22 12:47:45,7,24,4 days 34:22:17.5
855,Streak Ridgemont,Documentary,17.87,13,1.3746153846153846,2006-02-14 15:16:03,4,13,4 days 36:20:40
390,Guys Falcon,Sci-Fi,52.92,8,6.615,2005-08-22 04:31:50,3,8,4 days 30:37:07.5
131,Center Dinosaur,Classics,121.79,21,5.7995238095238095,2006-02-14 15:16:03,6,19,3 days 27:24:45
995,Yentl Idaho,Horror,122.79,21,5.847142857142857,2005-08-23 18:50:54,6,20,4 days 16:24:40
411,Heavenly Gun,Music,32.94,6,5.49,2005-08-19 09:48:52,2,6,3 days 39:44:10
779,Sense Greek,Sports,47.93,7,6.847142857142857,2005-08-23 17:52:01,2,7,4 days 13:33:42.857143
305,Fatal Haunted,New,92.77,23,4.033478260869565,2005-08-22 23:55:51,7,23,5 days 12:39:07.826087
831,Spirited Casualties,Sci-Fi,18.9,10,1.89,2005-08-23 06:21:20,3,10,4 days 33:05:00
341,Frost Head,Classics,74.72,28,2.6685714285714286,2006-02-14 15:16:03,8,26,5 days 16:49:11.111111
515,Legally Secretary,Children,39.92,8,4.99,2005-08-22 15:25:33,2,8,3 days 12:06:15
640,Opus Ice,Foreign,60.9,10,6.09,2005-08-22 06:10:53,3,10,4 days 31:34:48
559,Married Go,Sci-Fi,84.74,26,3.259230769230769,2005-08-22 19:56:41,8,26,4 days 16:50:57.692307
238,Doctor Grail,Children,23.95,5,4.79,2005-08-20 19:04:40,2,5,4 days 24:15:36
149,Christmas Moonshine,Children,26.81,19,1.4110526315789473,2005-08-22 11:56:02,6,19,4 days 36:10:03.157895
208,Dares Pluto,Animation,26.92,8,3.365,2005-08-18 08:07:45,3,8,5 days 19:31:37.5
139,Chasing Fight,Family,105.82,19,5.569473684210527,2006-02-14 15:16:03,6,19,5 days 20:30:43.333333
626,Noon Papi,Children,60.85,15,4.056666666666667,2005-08-20 12:33:36,4,15,4 days 28:28:16
533,Lost Bird,Foreign,50.9,10,5.09,2005-08-21 06:21:24,3,10,5 days 16:05:24
651,Packer Madigan,Animation,58.8,20,2.94,2005-08-23 02:02:53,6,20,4 days 16:45:06
655,Panther Reds,Sci-Fi,83.86,14,5.99,2005-08-22 17:22:41,6,14,4 days 22:52:08.571429
483,Jericho Mulan,Games,95.84,16,5.99,2005-08-23 18:20:56,5,16,5 days 18:30:37.5
245,Double Wrath,Animation,56.79,21,2.704285714285714,2005-08-23 00:56:01,7,20,4 days 23:17:48.571429
514,Lebowski Soldiers,Drama,62.82,18,3.49,2005-08-23 12:15:51,6,18,3 days 28:18:13.333333
331,Forward Temple,Games,102.74,26,3.9515384615384614,2005-08-23 12:29:24,8,26,5 days 11:18:36.923077
100,Brooklyn Desert,Foreign,106.81,19,5.621578947368421,2005-08-22 03:20:26,6,19,5 days 14:19:06.315789
35,Arachnophobia Rollercoaster,Horror,109.77,23,4.772608695652173,2005-08-22 23:26:32,7,23,4 days 36:05:36.521739
726,Reservoir Adaptation,Foreign,29.91,9,3.3233333333333333,2005-08-23 01:57:20,3,9,5 days 17:20:33.333333
448,Idaho Love,New,68.85,15,4.59,2005-08-20 08:27:27,5,15,3 days 19:26:20
235,Divide Monster,Sci-Fi,61.8,20,3.09,2005-08-20 14:23:16,6,20,3 days 33:48:48
92,Bowfinger Gables,Horror,56.89,11,5.171818181818182,2005-08-19 10:49:03,4,11,2 days 27:05:38.181818
415,High Encino,Horror,117.79,21,5.609047619047619,2005-08-22 16:55:26,6,21,4 days 33:49:54.285714
522,Life Twisted,Comedy,37.92,8,4.74,2005-08-23 13:16:15,2,8,5 days 12:52:22.5
324,Flintstones Happiness,Comedy,134.83,17,7.931176470588235,2005-08-22 23:08:46,5,17,5 days 15:42:31.764706
459,Informer Double,Foreign,27.95,5,5.59,2005-08-22 16:26:53,2,5,2 days 33:28:12
507,Ladybugs Armageddon,Games,17.94,6,2.99,2005-08-22 04:15:48,2,6,5 days 15:31:30
382,Grit Clockwork,Games,97.72,28,3.49,2005-08-23 13:46:27,8,28,4 days 34:10:25.714286
466,Intolerable Intentions,Documentary,39.93,7,5.704285714285714,2005-08-19 03:38:32,2,7,4 days 20:14:08.571429
743,Room Roman,Animation,27.82,18,1.5455555555555556,2005-08-22 21:42:17,6,18,4 days 32:42:00
88,Born Spinal,Travel,59.88,12,4.99,2005-08-23 13:45:44,4,12,3 days 27:29:00
638,Operation Operation,Comedy,80.75,25,3.23,2006-02-14 15:16:03,8,24,3 days 31:59:27.5
345,Gables Metropolis,Family,47.83,17,2.8135294117647054,2006-02-14 15:16:03,5,17,4 days 13:36:07.5
55,Barbarella Streetcar,Sci-Fi,84.78,22,3.853636363636364,2005-08-23 20:45:53,6,22,5 days 14:56:10.909091
706,Queen Luke,Drama,128.79,21,6.1328571428571435,2006-02-14 15:16:03,6,21,4 days 28:30:45
85,Bonnie Holocaust,Documentary,31.85,15,2.123333333333333,2005-08-21 07:59:47,4,15,3 days 31:03:40
12,Alaska Phantom,Music,37.77,23,1.6421739130434785,2005-08-23 06:11:52,7,22,4 days 28:54:07.826087
436,Hours Rage,New,44.82,18,2.49,2005-08-22 16:49:02,6,18,4 days 19:31:33.333333
763,Satisfaction Confidential,Sports,122.84,16,7.6775,2005-08-22 21:05:50,5,16,4 days 31:29:30
365,Gold River,Comedy,94.86,14,6.775714285714286,2005-08-22 19:44:59,4,14,4 days 28:12:04.285715
27,Anonymous Human,Sports,17.87,13,1.3746153846153846,2005-08-20 00:18:15,4,13,4 days 20:27:36.923077
152,Circus Youth,Children,53.86,14,3.847142857142857,2005-08-23 12:41:07,4,14,4 days 20:39:30
606,Mummy Creatures,Sports,55.85,15,3.7233333333333327,2006-02-14 15:16:03,6,15,5 days 17:35:21.428571
643,Orient Closer,Drama,80.83,17,4.7547058823529404,2005-08-23 21:44:27,6,16,3 days 30:04:14.117647
583,Mission Zoolander,Animation,110.84,16,6.9275,2005-08-22 04:51:42,5,16,4 days 13:23:30
177,Connecticut Tramp,Sci-Fi,75.89,11,6.8990909090909085,2005-08-22 06:23:54,3,11,4 days 37:26:05.454546
512,League Hellfighters,Classics,105.83,17,6.225294117647058,2005-08-21 23:17:26,6,17,4 days 30:27:10.588235
925,United Pilot,Documentary,43.85,15,2.9233333333333333,2005-08-21 21:50:51,5,15,4 days 15:44:12
277,Elephant Trojan,Horror,64.9,10,6.49,2005-08-22 16:15:33,3,10,4 days 18:32:06
96,Breaking Home,New,41.9,10,4.19,2005-08-19 10:15:19,3,10,3 days 34:12:36
140,Cheaper Clyde,Sci-Fi,30.83,17,1.8135294117647056,2005-08-22 20:17:49,5,17,4 days 35:46:49.411765
391,Half Outfield,Family,73.79,22,3.354090909090909,2006-02-14 15:16:03,7,22,3 days 34:13:15
545,Madness Attacks,Foreign,65.77,23,2.8595652173913044,2005-08-22 17:27:23,6,23,4 days 31:12:52.173913
506,Lady Stage,Horror,113.84,16,7.115,2006-02-14 15:16:03,6,16,5 days 16:15:40
710,Rage Games,Family,119.81,19,6.305789473684211,2005-08-23 21:02:43,6,19,3 days 30:25:56.842105
460,Innocent Usual,Foreign,191.74,26,7.374615384615384,2005-08-22 15:22:15,8,25,4 days 23:40:16.153846
500,Kiss Glory,Foreign,126.79,21,6.037619047619048,2005-08-22 06:39:24,8,20,4 days 24:47:25.714286
126,Casualties Encino,Action,61.92,8,7.74,2005-08-21 14:47:09,3,8,5 days 17:39:30
820,Sons Interview,Animation,75.85,14,5.417857142857144,2006-02-14 15:16:03,6,13,4 days 31:21:45
684,Pizza Jumanji,Games,25.94,6,4.323333333333332,2005-08-21 06:20:14,2,6,4 days 22:58:20
76,Birdcage Casper,Music,23.91,9,2.6566666666666667,2005-08-20 08:27:30,3,8,4 days 30:57:00
929,Usual Untouchables,Foreign,65.88,12,5.49,2005-08-23 16:08:15,4,12,3 days 15:02:00
991,Worst Banger,Action,66.85,15,4.456666666666666,2005-08-23 01:13:52,5,15,4 days 22:22:40
602,Mourning Purple,Sci-Fi,39.81,19,2.095263157894737,2005-08-22 19:54:52,5,18,4 days 16:04:44.210526
748,Rugrats Shakespeare,Action,67.72,28,2.4185714285714286,2005-08-23 20:47:28,8,28,4 days 14:58:34.285714
990,World Leathernecks,Horror,24.92,8,3.115,2006-02-14 15:16:03,2,8,4 days 26:32:00
428,Homicide Peach,Family,59.82,18,3.3233333333333333,2005-08-23 09:02:04,6,18,3 days 29:18:56.666667
300,Falcon Volume,Animation,106.81,18,5.933888888888889,2006-02-14 15:16:03,6,18,4 days 15:43:49.411765
98,Bright Encounters,Drama,87.88,12,7.323333333333332,2005-08-22 05:16:16,3,12,5 days 15:31:55
130,Celebrity Horn,Action,28.79,21,1.370952380952381,2005-08-23 14:59:51,6,21,4 days 31:38:51.428572
782,Shakespeare Saddle,Sports,76.8,20,3.84,2005-08-22 02:26:33,6,20,5 days 18:11:18
446,Hysterical Grail,Sports,87.85,15,5.8566666666666665,2005-08-21 07:29:05,4,15,3 days 34:32:00
759,Salute Apollo,New,95.8,20,4.79,2005-08-22 19:09:52,6,20,4 days 19:45:39
322,Flatliners Killer,Sports,74.81,19,3.937368421052632,2005-08-22 16:30:43,6,18,4 days 23:06:47.368421
981,Wolves Desire,Travel,24.79,21,1.1804761904761905,2005-08-21 21:04:42,6,21,3 days 24:39:17.142857
82,Blood Argonauts,Family,30.93,7,4.418571428571429,2005-08-22 00:51:25,2,7,5 days 29:08:00
17,Alone Trip,Music,61.83,17,3.637058823529412,2006-02-14 15:16:03,6,17,4 days 36:39:11.25
450,Idols Snatchers,Children,88.76,24,3.698333333333333,2005-08-23 20:27:34,7,24,4 days 13:05:10
10,Aladdin Calendar,Sports,131.77,23,5.729130434782609,2005-08-21 20:49:21,7,23,4 days 19:10:54.782609
416,Highball Potter,Foreign,27.81,19,1.4636842105263157,2005-08-23 02:48:24,6,19,4 days 14:00:09.473684
811,Smile Earring,Travel,58.9,10,5.89,2005-08-19 19:11:41,3,10,6 days 16:57:42
469,Iron Moon,Classics,50.9,10,5.09,2005-08-23 14:05:37,3,10,3 days 30:51:30
288,Escape Metropolis,Travel,74.77,23,3.250869565217392,2005-08-23 12:47:16,6,23,4 days 19:26:05.217391
766,Savannah Town,Drama,22.9,10,2.29,2005-08-22 06:07:52,3,10,4 days 30:44:42
628,Northwest Polish,Sports,77.82,18,4.323333333333332,2005-08-23 20:12:17,5,18,5 days 22:47:30
957,War Notting,Foreign,65.88,12,5.49,2005-08-23 00:11:52,5,12,4 days 33:23:25
691,Poseidon Forever,Sports,100.83,17,5.931176470588235,2005-08-23 20:22:17,5,17,4 days 32:55:00
272,Edge Kissing,Drama,79.87,13,6.1438461538461535,2005-08-23 20:41:09,4,13,4 days 24:06:18.461539
439,Hunchback Impossible,Drama,115.83,17,6.813529411764706,2006-02-14 15:16:03,6,17,4 days 30:30:48.75
490,Jumanji Blade,New,30.92,8,3.865,2005-08-19 13:56:54,2,8,3 days 29:12:22.5
491,Jumping Wrath,Children,67.79,21,3.228095238095238,2005-08-23 17:09:31,6,21,5 days 23:24:02.857143
635,Oklahoma Jumanji,New,5.94,6,0.99,2005-08-23 03:44:30,2,6,4 days 25:31:00
60,Beast Hunchback,Classics,69.9,10,6.99,2005-08-22 19:28:02,3,10,3 days 33:47:12
639,Opposite Necklace,Family,56.89,11,5.171818181818182,2006-02-14 15:16:03,3,11,3 days 28:39:42
773,Seabiscuit Punk,Sports,86.76,24,3.615,2006-02-14 15:16:03,8,24,4 days 29:51:36.521739
343,Full Flatliners,Children,16.95,5,3.39,2005-08-21 13:32:38,2,5,3 days 18:25:00
510,Lawless Vision,Animation,76.86,15,5.124,2006-02-14 15:16:03,4,15,4 days 12:52:04.285714
385,Groundhog Uncut,Comedy,78.86,14,5.6328571428571435,2006-02-14 15:16:03,5,14,4 days 24:31:50.769231
24,Analyze Hoosiers,Horror,55.86,14,3.99,2005-08-22 17:58:27,4,14,5 days 15:22:55.714286
274,Egg Igby,Documentary,98.81,19,5.200526315789474,2005-08-22 07:19:05,7,19,5 days 25:02:18.947368
617,Natural Stock,Family,31.88,12,2.6566666666666667,2005-08-23 11:02:00,3,12,4 days 22:25:35
158,Clones Pinocchio,Music,59.83,17,3.5194117647058825,2005-08-22 05:53:52,5,16,4 days 21:26:49.411765
627,North Tequila,Documentary,51.91,9,5.767777777777778,2005-08-23 14:06:19,3,9,3 days 17:44:06.666667
557,Manchurian Curtain,Family,59.86,14,4.275714285714286,2005-08-23 21:10:24,5,14,4 days 33:45:04.285714
150,Cider Desire,Documentary,56.83,17,3.342941176470588,2005-08-23 11:16:16,6,17,5 days 10:54:31.764706
302,Fantasia Park,Games,73.81,19,3.884736842105263,2005-08-23 22:12:44,6,18,4 days 21:43:28.421052
537,Lover Truman,Classics,54.91,9,6.101111111111111,2005-08-21 15:44:23,3,9,5 days 19:28:06.666667
817,Soldiers Evolution,Sci-Fi,36.93,7,5.275714285714286,2005-08-20 14:06:33,2,7,2 days 39:12:34.285714
353,Gentlemen Stage,Foreign,70.8,20,3.54,2005-08-22 01:17:18,6,18,4 days 25:13:15
399,Happiness United,Foreign,22.94,6,3.823333333333333,2006-02-14 15:16:03,2,6,4 days 24:03:24
378,Greatest North,Music,103.73,27,3.841851851851852,2005-08-23 16:32:10,8,27,4 days 22:31:28.888889
614,Name Detective,Games,131.78,22,5.99,2006-02-14 15:16:03,6,22,4 days 13:59:11.428571
568,Memento Zoolander,Comedy,88.87,13,6.836153846153846,2005-08-22 21:01:25,4,12,4 days 34:40:04.615385
157,Clockwork Paradise,Children,11.9,10,1.19,2005-08-23 05:26:30,3,10,4 days 25:43:12
532,Loser Hustler,Sports,83.86,14,5.99,2005-08-23 01:25:30,4,14,4 days 34:15:12.857143
898,Tourist Pelican,Sports,126.81,19,6.67421052631579,2005-08-21 12:48:48,5,19,4 days 27:07:31.578948
472,Italian African,Travel,38.94,6,6.49,2005-08-23 16:19:14,2,6,3 days 29:55:30
965,Watership Frontier,Horror,13.94,6,2.3233333333333333,2005-08-22 11:48:19,2,6,5 days 25:31:30
278,Elf Murder,Music,34.94,6,5.823333333333332,2005-08-21 08:08:43,2,6,3 days 22:42:50
521,Lies Treatment,Drama,131.76,24,5.49,2005-08-20 23:07:10,7,23,4 days 32:02:37.5
115,Campus Remember,Action,81.83,17,4.813529411764706,2005-08-22 19:46:36,7,16,5 days 27:21:42.352941
42,Artist Coldblooded,Sports,59.86,14,4.275714285714286,2005-08-22 19:44:53,4,14,4 days 33:28:30
47,Baby Hall,Foreign,40.93,7,5.847142857142857,2005-08-22 03:47:39,2,7,4 days 21:16:51.428571
902,Trading Pinocchio,Sports,133.77,23,5.8160869565217395,2006-02-14 15:16:03,7,23,5 days 10:21:43.636364
136,Chaplin License,New,23.92,8,2.99,2005-08-20 16:02:28,3,8,3 days 30:00:45
263,Durham Panky,Sports,132.76,24,5.531666666666666,2005-08-22 01:12:44,7,23,4 days 12:33:10
683,Pity Bound,Drama,138.77,23,6.033478260869565,2005-08-23 21:25:03,8,23,4 days 18:05:44.347826
196,Cruelty Unforgiven,Classics,6.94,6,1.1566666666666665,2005-08-23 02:39:37,2,6,3 days 22:22:30
226,Destiny Saturday,New,91.85,15,6.123333333333333,2005-08-21 02:56:52,5,15,3 days 32:06:24
456,Inch Jet,Animation,95.82,18,5.323333333333332,2005-08-23 09:53:30,6,18,4 days 15:08:23.333333
799,Simon North,Horror,18.94,6,3.1566666666666667,2005-08-23 01:22:12,2,6,4 days 26:09:50
489,Juggler Hardly,Animation,86.71,29,2.99,2006-02-14 15:16:03,8,28,5 days 11:59:57.857142
686,Pluto Oleander,New,73.87,13,5.682307692307692,2005-08-21 13:52:54,4,13,3 days 30:39:23.076924
265,Dying Maker,Comedy,83.85,15,5.59,2005-08-21 16:52:03,4,15,3 days 28:59:20
584,Mixed Doors,Foreign,15.96,4,3.99,2005-08-21 18:34:21,2,4,5 days 22:52:45
253,Drifter Commandments,Action,131.78,22,5.99,2006-02-14 15:16:03,6,22,4 days 19:37:28.571429
170,Command Darling,Foreign,107.84,16,6.74,2005-08-22 02:57:04,6,15,5 days 31:10:18.75
852,Strangelove Desire,Children,79.78,22,3.626363636363637,2005-08-21 19:12:12,7,22,5 days 28:07:40.909091
357,Gilbert Pelican,Classics,17.91,9,1.99,2005-08-23 20:28:44,4,9,6 days 15:44:40
896,Tootsie Pilot,Children,28.88,12,2.4066666666666667,2005-08-22 18:48:42,4,12,3 days 23:27:20
455,Impossible Prejudice,Foreign,74.86,14,5.347142857142857,2005-08-22 15:57:38,4,14,4 days 21:28:17.142857
190,Creepers Kane,Classics,77.87,13,5.99,2005-08-23 01:15:07,4,13,4 days 10:59:13.846154
933,Vampire Whale,New,69.89,11,6.353636363636364,2005-08-22 01:52:26,3,11,4 days 11:58:21.818182
6,Agent Truman,Foreign,111.81,19,5.884736842105263,2005-08-21 16:03:01,6,19,5 days 17:08:56.842105
129,Cause Date,Documentary,114.81,19,6.042631578947368,2005-08-23 16:23:08,6,19,5 days 13:40:25.263158
624,Nightmare Chill,Games,148.79,21,7.085238095238095,2005-08-23 20:40:31,7,21,4 days 21:21:28.571428
663,Patient Sister,Classics,21.82,18,1.212222222222222,2005-08-23 19:10:32,5,18,3 days 23:28:43.333333
611,Musketeers Wait,Classics,82.85,15,5.5233333333333325,2005-08-21 02:23:25,6,14,3 days 32:18:36
971,Whale Bikini,Foreign,113.85,15,7.59,2005-08-23 20:08:18,4,15,5 days 27:41:08
872,Sweet Brotherhood,Travel,58.89,11,5.353636363636364,2005-08-23 19:35:42,3,11,4 days 16:49:21.818182
717,Rear Trading,Action,27.85,15,1.856666666666667,2005-08-22 21:15:46,4,15,4 days 31:38:32
912,Trojan Tomorrow,Sci-Fi,75.82,17,4.46,2006-02-14 15:16:03,6,17,3 days 20:17:37.5
401,Harold French,Drama,8.93,7,1.2757142857142856,2005-08-21 22:27:11,2,7,2 days 20:58:42.857143
518,Liaisons Sweet,Travel,126.79,21,6.037619047619048,2005-08-22 13:04:32,6,20,4 days 16:42:51.428572
937,Varsity Trip,New,48.84,16,3.0525,2006-02-14 15:16:03,5,16,3 days 25:16:52
234,Disturbing Scarface,Sci-Fi,77.77,23,3.381304347826087,2005-08-22 14:26:01,7,23,3 days 30:39:52.173913
754,Rushmore Mermaid,Comedy,18.94,6,3.1566666666666667,2005-08-22 01:58:15,2,6,3 days 06:47:50
798,Silverado Goldfinger,Sci-Fi,91.88,12,7.656666666666665,2006-02-14 15:16:03,4,12,6 days 16:58:49.090909
135,Chance Resurrection,Sports,124.76,24,5.198333333333332,2005-08-23 16:30:55,7,24,4 days 24:44:57.5
67,Berets Agent,Action,72.8,19,3.831578947368421,2006-02-14 15:16:03,6,19,4 days 12:48:10
809,Slipper Fidelity,Sports,24.86,14,1.7757142857142856,2005-08-20 05:59:05,4,14,4 days 25:33:25.714286
558,Mannequin Worst,New,23.95,5,4.79,2005-08-22 17:49:35,2,5,4 days 09:56:24
71,Bilko Anonymous,Family,94.88,12,7.906666666666665,2005-08-23 14:55:47,4,12,4 days 32:30:40
336,French Holiday,Documentary,94.84,16,5.9275,2005-08-22 09:54:54,5,16,4 days 22:41:45
847,Stock Glass,New,42.87,13,3.297692307692308,2005-08-23 09:23:08,4,13,3 days 18:26:18.461538
75,Bird Independence,Travel,53.91,9,5.99,2005-08-23 22:13:04,3,9,5 days 20:31:46.666667
752,Runner Madigan,Music,14.92,8,1.865,2005-08-19 11:33:20,3,8,3 days 24:08:07.5
631,Novocaine Flight,Sports,49.82,18,2.7677777777777774,2005-08-22 23:06:25,5,18,4 days 28:15:33.333333
138,Chariots Conspiracy,Sci-Fi,65.81,19,3.463684210526316,2005-08-22 06:17:12,5,19,3 days 25:44:12.631579
444,Hustler Party,Comedy,190.78,22,8.671818181818182,2005-08-23 09:42:21,8,22,5 days 36:07:02.727273
465,Interview Liaisons,New,110.82,18,6.156666666666666,2005-08-22 03:42:12,5,18,3 days 31:55:06.666667
610,Music Boondock,Family,20.83,17,1.2252941176470589,2005-08-23 16:17:09,5,17,4 days 22:33:00
924,Unforgiven Zoolander,Sci-Fi,22.84,16,1.4275,2005-08-21 23:33:57,5,16,4 days 28:08:30
592,Monster Spartacus,Music,48.86,14,3.49,2006-02-14 15:16:03,4,14,4 days 24:52:36.923077
549,Magnolia Forrester,Action,34.89,11,3.1718181818181814,2005-08-22 11:14:31,4,11,5 days 14:04:49.09091
516,Legend Jedi,Music,12.92,8,1.615,2005-08-21 19:12:47,3,8,5 days 24:51:07.5
972,Whisperer Giant,Sci-Fi,141.8,20,7.09,2005-08-23 13:41:05,6,18,5 days 17:58:48
870,Swarm Gold,Horror,64.77,23,2.816086956521739,2006-02-14 15:16:03,8,23,4 days 26:54:54.545454
534,Louisiana Harry,Family,28.84,16,1.8025,2005-08-23 08:29:53,5,16,3 days 36:43:41.25
622,Newsies Story,Documentary,22.93,7,3.275714285714286,2005-08-23 10:04:17,2,7,5 days 12:10:51.428571
299,Factory Dragon,Travel,30.85,15,2.0566666666666666,2005-08-19 20:55:23,4,15,3 days 19:50:40
653,Panic Club,Horror,51.93,7,7.418571428571427,2005-08-22 17:32:57,2,7,4 days 31:06:25.714285
746,Rouge Squad,Games,51.84,16,3.24,2005-08-23 11:33:25,5,15,4 days 23:23:33.75
360,Glass Dying,Action,35.88,12,2.99,2005-08-23 15:58:05,4,12,4 days 33:51:35
911,Trip Newton,Action,135.74,26,5.220769230769231,2005-08-23 11:37:32,8,24,3 days 30:36:46.153846
314,Fight Jawbreaker,Animation,53.8,20,2.69,2006-02-14 15:16:03,6,20,3 days 33:56:31.578947
970,Westward Seabiscuit,Classics,36.75,25,1.47,2005-08-23 08:34:10,7,24,5 days 22:25:04.8
477,Jawbreaker Brooklyn,Music,10.91,9,1.212222222222222,2005-08-21 19:05:23,3,9,2 days 18:08:33.333333
403,Harry Idaho,Drama,177.73,27,6.582592592592593,2006-02-14 15:16:03,8,27,4 days 34:47:48.461539
785,Shawshank Bubble,Travel,109.81,19,5.779473684210527,2006-02-14 15:16:03,6,18,5 days 12:28:13.333333
121,Carol Texas,Animation,79.83,17,4.695882352941177,2005-08-23 11:55:50,6,17,4 days 28:07:38.823529
674,Pet Haunting,Foreign,26.92,8,3.365,2005-08-22 08:43:50,3,8,4 days 27:03:37.5
505,Labyrinth League,Children,41.87,13,3.2207692307692306,2005-08-22 21:41:40,4,13,3 days 35:45:36.923077
573,Microcosmos Paradise,Children,43.88,12,3.6566666666666663,2005-08-23 22:14:31,4,12,5 days 14:46:45
348,Gandhi Kwai,Family,16.87,13,1.2976923076923077,2005-08-22 05:07:17,4,13,5 days 09:38:09.230769
340,Frontier Cabin,New,35.94,6,5.99,2005-08-21 05:51:28,2,6,5 days 32:53:10
421,Holiday Games,Foreign,82.85,15,5.5233333333333325,2005-08-23 01:29:59,4,15,4 days 26:55:40
362,Glory Tracy,Games,14.95,5,2.99,2005-08-23 04:33:39,2,5,3 days 16:17:00
582,Miracle Virtual,Animation,41.92,8,5.24,2005-08-18 15:15:44,2,8,4 days 27:33:37.5
73,Bingo Talented,Sci-Fi,119.75,25,4.79,2005-08-22 22:30:50,8,24,5 days 22:30:04.8
252,Dream Pickup,Action,73.8,20,3.69,2005-08-22 02:20:44,6,20,4 days 22:33:57
694,Prejudice Oleander,Classics,110.81,19,5.832105263157895,2005-08-21 15:59:40,6,19,5 days 18:10:06.315789
810,Slums Duck,Family,48.78,22,2.2172727272727277,2005-08-22 13:59:19,7,22,4 days 23:55:57.272727
354,Ghost Groundhog,Children,107.81,19,5.67421052631579,2006-02-14 15:16:03,5,19,4 days 33:28:10
688,Polish Brooklyn,Children,18.85,15,1.2566666666666668,2005-08-23 13:48:34,4,15,4 days 19:52:08
952,Wagon Jaws,Documentary,33.91,9,3.7677777777777774,2005-08-21 12:10:41,3,8,6 days 12:25:40
800,Sinners Atlantis,Horror,60.81,19,3.2005263157894737,2005-08-22 14:59:30,6,18,4 days 24:51:50.526316
654,Panky Submarine,Games,86.88,12,7.24,2005-08-19 09:34:02,4,12,5 days 28:42:15
161,Clue Grail,Music,40.93,7,5.847142857142857,2005-08-18 22:11:37,2,7,5 days 07:17:34.285714
193,Crossroads Casualties,Animation,74.8,20,3.74,2005-08-23 12:47:05,8,20,4 days 09:51:39
676,Philadelphia Wife,Sports,107.8,21,5.133333333333333,2006-02-14 15:16:03,6,20,5 days 14:58:27
493,Kane Exorcist,Foreign,13.88,12,1.1566666666666667,2005-08-21 02:04:33,3,12,2 days 32:09:15
271,Easy Gladiator,Action,132.8,20,6.64,2005-08-21 09:06:29,5,19,5 days 28:31:12
812,Smoking Barbarella,Documentary,17.84,17,1.0494117647058825,2006-02-14 15:16:03,6,17,3 days 28:08:22.5
984,Wonderful Drop,Foreign,46.92,8,5.865,2005-08-22 21:24:19,2,8,5 days 16:13:00
673,Personal Ladybugs,Music,43.87,13,3.374615384615385,2005-08-22 15:30:25,4,13,4 days 30:41:55.384616
697,Primary Glass,Action,36.73,27,1.3603703703703705,2005-08-21 08:58:38,8,26,3 days 33:51:17.777778
508,Lambs Cincinatti,Games,57.9,10,5.79,2005-08-22 15:53:32,3,10,4 days 25:19:12
349,Gangs Pride,Animation,95.78,22,4.353636363636364,2005-08-23 16:34:31,7,22,4 days 18:20:54.545454
431,Hoosiers Birdcage,Foreign,41.92,8,5.24,2005-08-18 00:14:03,3,8,4 days 20:57:52.5
212,Darn Forrester,Action,87.83,17,5.166470588235295,2005-08-23 21:54:02,5,17,5 days 15:50:35.294117
997,Youth Kick,Music,16.94,6,2.8233333333333333,2005-08-18 17:31:36,2,6,4 days 37:30:40
182,Control Anthem,Comedy,31.94,6,5.323333333333332,2005-08-22 17:47:40,2,6,4 days 34:50:20
750,Run Pacific,New,42.91,9,4.767777777777778,2005-08-22 08:52:53,3,9,6 days 18:47:46.666667
335,Freedom Cleopatra,Comedy,5.95,5,1.19,2005-08-21 12:48:08,2,5,2 days 23:02:00
615,Nash Chocolat,Animation,58.87,13,4.5284615384615385,2005-08-22 06:19:37,4,13,5 days 34:21:36.923077
542,Lust Lock,Action,74.82,15,4.988,2006-02-14 15:16:03,6,14,3 days 14:09:32.307692
468,Invasion Cyclone,Children,100.74,26,3.874615384615385,2005-08-23 17:00:12,8,26,4 days 15:29:57.692307
379,Greedy Roots,Drama,14.87,13,1.1438461538461537,2005-08-23 18:01:31,4,13,2 days 33:16:46.153846
616,National Story,Documentary,76.83,17,4.519411764705882,2005-08-23 11:16:29,6,17,4 days 19:51:21.17647
987,Words Hunter,Music,73.86,14,5.275714285714286,2005-08-22 18:59:01,4,13,4 days 20:52:17.142857
400,Hardly Robbers,Documentary,15.96,4,3.99,2005-08-22 20:44:06,2,4,6 days 22:45:45
724,Remember Diary,Family,70.83,17,4.166470588235295,2005-08-23 08:54:26,6,17,4 days 23:20:28.235294
174,Confidential Interview,Music,136.76,24,5.698333333333332,2005-08-23 15:22:15,8,24,4 days 31:19:10
266,Dynamite Tarzan,Classics,60.77,23,2.6421739130434783,2005-08-23 19:06:04,8,23,4 days 21:20:07.826087
292,Excitement Eve,Action,61.8,20,3.09,2005-08-22 15:52:57,6,20,4 days 14:47:51
501,Kissing Dolls,Action,120.83,17,7.107647058823529,2005-08-23 16:33:33,5,17,3 days 35:17:42.352942
928,Uptown Young,Children,29.9,10,2.99,2005-08-21 14:51:35,3,10,2 days 28:21:36
760,Samurai Lion,New,101.76,24,4.24,2005-08-23 08:59:12,7,24,4 days 29:34:47.5
530,Lord Arizona,Action,39.9,10,3.99,2006-02-14 15:16:03,3,10,4 days 33:36:40
685,Platoon Instinct,New,40.92,8,5.115,2005-08-21 10:16:27,2,8,3 days 17:41:30
692,Potluck Mixed,Animation,43.9,10,4.39,2005-08-23 06:48:47,3,10,3 days 24:00:18
840,Stampede Disturbing,Games,32.86,14,2.347142857142857,2005-08-23 06:19:51,4,14,4 days 25:18:00
625,None Spiking,Sci-Fi,79.75,25,3.19,2006-02-14 15:16:03,7,24,4 days 28:22:30
445,Hyde Doctor,Classics,95.76,23,4.163478260869565,2006-02-14 15:16:03,6,23,3 days 32:33:19.090909
48,Backlash Undefeated,Children,140.84,16,8.8025,2005-08-23 15:15:02,4,16,6 days 15:56:22.5
498,Killer Innocent,Family,21.94,6,3.6566666666666663,2005-08-19 23:37:52,2,6,6 days 11:50:20
597,Moonwalker Fool,Games,75.89,11,6.8990909090909085,2006-02-14 15:16:03,4,11,5 days 29:23:30
20,Amelie Hellfighters,Music,67.9,10,6.79,2005-08-23 12:07:51,3,10,4 days 20:55:12
392,Hall Cassidy,Children,98.84,16,6.1775,2005-08-23 19:51:30,6,16,4 days 23:55:11.25
882,Tenenbaums Command,Drama,19.88,12,1.6566666666666667,2005-08-22 21:13:51,4,12,2 days 28:23:35
861,Suit Walls,Games,134.81,19,7.0952631578947365,2006-02-14 15:16:03,6,18,4 days 27:36:10.588235
821,Sorority Queen,Foreign,19.88,12,1.6566666666666667,2005-08-21 15:24:24,4,12,3 days 26:50:25
702,Pulp Beverly,Horror,121.74,26,4.682307692307692,2006-02-14 15:16:03,8,26,4 days 30:40:40.8
894,Tomatoes Hellfighters,Travel,19.86,14,1.4185714285714286,2005-08-21 14:11:19,5,14,3 days 33:22:51.428572
255,Driving Polish,Music,105.81,19,5.568947368421052,2005-08-22 20:22:40,6,19,4 days 28:53:37.894737
889,Ties Hunger,Children,69.91,9,7.767777777777779,2005-08-23 15:41:20,3,9,5 days 17:37:00
974,Wild Apollo,New,15.94,6,2.6566666666666667,2006-02-14 15:16:03,2,6,4 days 24:58:12
588,Model Fish,Children,76.87,13,5.913076923076924,2005-08-21 17:30:17,4,12,3 days 18:12:09.23077
996,Young Language,Documentary,6.93,7,0.99,2005-08-23 01:50:31,2,7,4 days 14:59:08.571429
794,Side Ark,Action,29.88,12,2.49,2005-08-23 15:01:54,4,12,5 days 26:11:35
679,Pilot Hoosiers,Family,51.86,14,3.7042857142857137,2005-08-20 05:50:05,4,14,4 days 31:25:04.285714
454,Impact Aladdin,Music,18.92,8,2.365,2005-08-18 03:37:31,2,8,6 days 29:07:22.5
556,Maltese Hope,Games,118.79,21,5.656666666666666,2005-08-23 16:43:54,7,21,3 days 34:21:02.857142
326,Flying Hook,Animation,77.81,19,4.0952631578947365,2006-02-14 15:16:03,6,19,5 days 19:07:13.333333
564,Massage Image,Animation,56.89,11,5.171818181818182,2005-08-21 13:53:33,3,11,5 days 13:22:21.818182
287,Entrapment Satisfaction,Action,42.87,13,3.297692307692308,2005-08-23 09:02:03,4,13,6 days 08:57:23.076923
632,Nuts Ties,New,53.91,9,5.99,2005-08-23 18:43:22,3,9,4 days 24:35:00
291,Evolution Alter,Sports,26.88,12,2.24,2005-08-20 20:07:15,4,12,4 days 29:03:40
262,Dumbo Lust,Family,13.94,6,2.3233333333333333,2005-08-23 05:55:22,2,6,4 days 21:38:30
442,Hunting Musketeers,Family,40.88,12,3.4066666666666667,2005-08-23 16:18:25,3,12,4 days 12:46:45
244,Dorado Notting,Music,140.78,22,6.3990909090909085,2005-08-23 18:48:40,7,22,5 days 24:27:49.090909
807,Sleuth Orient,Games,48.81,19,2.568947368421053,2005-08-22 08:21:21,5,18,4 days 23:21:00
37,Arizona Bang,Classics,104.79,21,4.99,2005-08-23 05:08:58,7,21,3 days 36:16:25.714285
540,Lucky Flying,Music,32.9,10,3.29,2005-08-23 07:10:14,3,10,4 days 22:03:24
665,Patton Interview,Horror,94.79,21,4.513809523809524,2005-08-23 08:52:50,7,20,4 days 23:18:08.571429
714,Random Go,Sci-Fi,31.91,9,3.545555555555556,2005-08-20 23:47:54,3,9,4 days 30:44:00
973,Wife Turn,Documentary,198.73,27,7.36037037037037,2005-08-23 14:47:26,8,26,4 days 24:29:44.444444
227,Details Packer,Games,128.82,18,7.156666666666666,2006-02-14 15:16:03,5,18,5 days 20:50:00
850,Story Side,Action,35.74,26,1.3746153846153846,2005-08-23 17:48:30,7,26,3 days 29:29:46.153846
180,Conspiracy Spirit,Classics,16.95,5,3.39,2005-08-18 12:58:40,2,5,3 days 24:14:24
485,Jersey Sassy,Children,39.94,6,6.656666666666666,2005-08-18 23:21:50,3,6,5 days 22:20:40
969,West Lion,Drama,92.86,14,6.6328571428571435,2005-08-22 07:51:47,4,14,4 days 24:58:42.857143
66,Beneath Rush,Children,16.9,10,1.69,2005-08-20 09:21:08,3,10,3 days 35:08:18
260,Dude Blindness,Sports,90.87,13,6.99,2005-08-23 07:10:22,4,13,3 days 33:10:23.076923
604,Mulan Moon,Comedy,30.89,11,2.8081818181818186,2006-02-14 15:16:03,3,11,4 days 26:33:54
608,Murder Antitrust,Children,78.79,21,3.7519047619047616,2005-08-23 20:47:12,6,21,4 days 35:09:17.142857
531,Lose Inch,Foreign,77.74,26,2.99,2005-08-22 09:25:24,8,25,3 days 36:04:09.230769
986,Wonka Sea,Animation,66.82,18,3.7122222222222225,2005-08-23 16:07:15,6,18,4 days 13:23:20
757,Sagebrush Clueless,Documentary,83.86,14,5.99,2005-08-23 12:43:30,5,14,6 days 17:29:47.142857
629,Notorious Reunion,Documentary,24.87,13,1.9130769230769231,2005-08-22 10:58:45,4,12,6 days 24:56:23.076923
915,Truman Crazy,Action,104.8,20,5.24,2005-08-22 21:18:59,6,19,3 days 35:35:54
548,Magnificent Chitty,Classics,54.92,8,6.865,2005-08-19 19:35:13,2,8,5 days 31:10:37.5
163,Clyde Theory,New,23.92,8,2.99,2005-08-23 17:49:26,3,8,5 days 10:47:30
247,Downhill Enough,Comedy,72.79,21,3.466190476190476,2005-08-23 18:08:59,7,21,4 days 32:10:45.714286
660,Party Knock,Comedy,41.88,12,3.49,2005-08-23 17:44:53,4,12,5 days 10:04:10
740,Rollercoaster Bringing,Horror,39.91,9,4.434444444444445,2005-08-23 21:26:35,3,9,5 days 15:50:20
259,Duck Racer,Animation,20.95,5,4.19,2005-08-23 07:50:46,2,5,4 days 10:05:12
333,Freaky Pocus,Music,43.86,14,3.132857142857143,2005-08-22 18:57:39,4,14,3 days 20:19:25.714286
8,Airport Pollock,Horror,86.85,15,5.79,2005-08-23 20:24:36,4,15,5 days 07:30:32
34,Arabia Dogma,Horror,21.88,12,1.8233333333333333,2005-08-20 07:47:05,4,12,3 days 36:05:55
988,Worker Tarzan,Travel,47.86,14,3.4185714285714286,2005-08-22 19:54:26,5,14,4 days 32:21:08.571428
176,Congeniality Quest,Sports,31.81,19,1.6742105263157896,2005-08-22 23:54:14,6,19,4 days 22:29:00
948,Voice Peach,New,31.83,17,1.8723529411764703,2005-08-23 04:33:23,6,17,4 days 25:18:21.176471
61,Beauty Grease,Drama,125.79,21,5.99,2005-08-23 21:34:33,6,21,4 days 16:46:22.857143
780,Sensibility Rear,Family,52.9,10,5.29,2005-08-21 14:57:03,3,10,3 days 28:51:12
783,Shane Darkness,Travel,52.87,13,4.066923076923077,2005-08-22 07:32:23,4,13,5 days 12:29:00
517,Lesson Cleopatra,Sports,22.94,6,3.823333333333333,2005-08-23 03:58:02,2,6,5 days 12:25:30
884,Terminator Club,Music,39.94,6,6.656666666666666,2005-08-22 06:49:15,3,6,5 days 28:02:40
457,Independence Hotel,Documentary,34.82,18,1.9344444444444444,2005-08-22 17:48:10,6,18,4 days 23:03:36.666667
83,Blues Instinct,Family,75.82,18,4.2122222222222225,2005-08-23 11:25:00,5,18,4 days 21:27:46.666667
538,Loverboy Attacks,New,16.89,11,1.5354545454545456,2005-08-21 01:44:14,3,11,4 days 28:36:27.272727
295,Expendable Stallion,Documentary,94.74,26,3.6438461538461535,2005-08-23 12:47:37,8,25,4 days 31:42:23.076924
630,Notting Speakeasy,Drama,12.91,9,1.4344444444444444,2005-08-22 05:38:32,3,9,4 days 27:07:46.666667
695,President Bang,Family,35.94,6,5.99,2005-08-21 08:33:42,2,6,4 days 24:01:40
145,Chisum Behavior,Family,50.9,10,5.09,2005-08-20 08:57:28,3,10,3 days 18:19:30
77,Birds Perdition,New,102.83,17,6.048823529411765,2005-08-23 10:36:00,6,17,3 days 34:46:03.529412
705,Purple Movie,Foreign,52.88,12,4.406666666666666,2005-08-23 18:44:21,4,12,3 days 27:38:15
184,Core Suit,Classics,92.84,16,5.8025,2005-08-23 04:20:16,5,16,4 days 34:21:56.25
544,Madison Trap,Documentary,64.87,13,4.99,2005-08-22 12:24:55,4,13,5 days 17:08:00
25,Angels Life,New,103.8,20,5.19,2005-08-23 13:46:00,6,19,4 days 25:35:42
248,Dozen Lion,Documentary,31.94,6,5.323333333333332,2005-08-22 23:54:36,2,6,3 days 19:57:10
585,Mob Duffel,Drama,27.9,10,2.79,2005-08-23 22:50:12,4,10,4 days 30:31:06
241,Donnie Alley,Animation,34.87,13,2.6823076923076923,2005-08-22 16:08:23,4,13,4 days 23:15:23.076923
993,Wrong Behavior,Children,62.8,20,3.14,2005-08-23 18:54:07,7,20,3 days 32:53:54
230,Diary Panic,Drama,24.92,8,3.115,2005-08-20 21:23:54,2,8,4 days 12:10:37.5
876,Tarzan Videotape,Horror,40.92,8,5.115,2005-08-22 01:32:14,2,8,4 days 13:12:52.5
389,Gunfighter Mussolini,Sports,64.89,11,5.8990909090909085,2005-08-23 03:30:45,4,11,5 days 16:55:21.818182
777,Secretary Rouge,Sports,112.82,18,6.267777777777778,2005-08-22 23:19:44,6,18,5 days 10:45:33.333333
258,Drums Dynamite,Horror,24.87,13,1.9130769230769231,2005-08-22 23:51:23,4,13,5 days 20:48:04.615385
296,Express Lonely,Sci-Fi,42.88,12,3.5733333333333333,2005-08-23 16:22:20,4,12,3 days 18:48:05
926,Untouchables Sunrise,Documentary,28.93,7,4.1328571428571435,2005-08-20 16:37:35,2,6,4 days 24:21:25.714285
805,Sleepless Monsoon,Animation,103.83,17,6.107647058823529,2006-02-14 15:16:03,5,16,4 days 24:42:33.75
13,Ali Forever,Horror,54.91,9,6.101111111111111,2006-02-14 15:16:03,4,9,4 days 15:04:30
297,Extraordinary Conquerer,Classics,22.94,6,3.823333333333333,2005-08-23 07:28:04,2,6,4 days 28:42:50
906,Tramp Others,Comedy,40.82,18,2.2677777777777774,2005-08-22 11:05:34,5,17,4 days 24:25:06.666667
786,Shepherd Midsummer,Children,28.77,23,1.2508695652173911,2005-08-23 19:51:29,7,23,4 days 18:00:00
281,Encino Elf,Games,27.81,19,1.4636842105263157,2006-02-14 15:16:03,6,19,4 days 15:48:13.333333
473,Jacket Frisco,Drama,71.84,16,4.49,2005-08-21 07:09:27,5,16,4 days 24:36:41.25
172,Coneheads Smoochy,Drama,131.76,24,5.49,2005-08-23 16:57:43,7,23,5 days 15:09:07.5
570,Mermaid Insects,Sports,94.85,15,6.323333333333332,2005-08-22 07:04:25,5,15,4 days 23:13:52
269,Earring Instinct,Family,60.83,17,3.5782352941176474,2005-08-23 13:56:40,6,17,4 days 35:01:49.411765
719,Records Zorro,Sports,38.93,7,5.561428571428571,2005-08-23 21:00:22,2,7,5 days 13:03:25.714286
412,Heavyweights Beast,Documentary,123.78,22,5.626363636363637,2005-08-23 03:54:39,8,22,4 days 15:36:32.727273
822,Soup Wisdom,Family,11.93,7,1.7042857142857144,2005-08-20 22:40:47,2,7,3 days 26:19:25.714285
74,Birch Antitrust,Music,74.89,11,6.808181818181818,2005-08-23 10:56:15,5,11,4 days 36:39:16.363636
320,Flamingos Connecticut,New,134.78,22,6.126363636363637,2005-08-22 19:28:04,7,22,3 days 35:17:02.727272
917,Tuxedo Mile,Sports,76.87,13,5.913076923076924,2006-02-14 15:16:03,5,13,5 days 23:08:40
880,Telemark Heartbreakers,Animation,88.76,24,3.698333333333333,2005-08-23 06:19:12,8,22,4 days 21:59:35
361,Gleaming Jawbreaker,Sports,125.72,27,4.656296296296296,2006-02-14 15:16:03,8,26,5 days 32:25:25.384616
851,Straight Hours,Sports,55.81,19,2.937368421052632,2005-08-22 16:33:39,6,19,3 days 32:38:31.578948
499,King Evolution,Family,59.92,8,7.49,2005-08-21 11:36:15,2,8,4 days 25:41:15
612,Mussolini Spoilers,Sports,15.95,5,3.19,2005-08-19 20:53:43,2,5,3 days 24:55:36
618,Necklace Outbreak,Drama,36.86,14,2.632857142857143,2005-08-23 09:35:34,4,14,3 days 31:49:55.714286
939,Vertigo Northwest,Comedy,37.92,8,4.74,2005-08-23 15:38:34,4,8,4 days 20:38:07.5
572,Metropolis Coma,Sci-Fi,116.76,24,4.865,2005-08-22 13:19:25,8,24,4 days 26:23:17.5
344,Fury Murder,Children,58.83,17,3.4605882352941175,2005-08-22 06:05:38,5,17,4 days 28:29:49.411765
873,Sweethearts Suspects,Children,93.73,27,3.471481481481481,2006-02-14 15:16:03,8,26,4 days 32:19:06.923077
819,Song Hedwig,Music,31.9,10,3.19,2006-02-14 15:16:03,3,10,4 days 24:17:13.333333
921,Uncut Suicides,Music,42.87,13,3.297692307692308,2005-08-23 05:04:33,4,13,6 days 12:41:36.923077
46,Autumn Crow,Games,74.9,10,7.49,2005-08-21 22:25:53,3,10,4 days 22:03:42
261,Duffel Apocalypse,Documentary,5.94,6,0.99,2005-08-21 00:21:29,2,6,1 day 25:21:30
293,Exorcist Sting,Sports,49.88,12,4.156666666666666,2005-08-21 09:49:28,5,12,5 days 14:09:00
525,Loathing Legally,Classics,62.74,26,2.413076923076923,2006-02-14 15:16:03,8,26,4 days 27:28:28.8
696,Pride Alamo,Animation,17.85,15,1.19,2006-02-14 15:16:03,5,15,2 days 28:59:42.857143
620,Nemo Campus,Sci-Fi,59.86,14,4.275714285714286,2005-08-23 03:03:40,5,14,4 days 15:22:34.285715
430,Hook Chariots,Animation,17.87,13,1.3746153846153846,2005-08-23 10:35:51,4,13,4 days 28:37:13.846153
224,Desperate Trainspotting,Travel,31.94,6,5.323333333333332,2005-08-22 00:34:17,2,6,3 days 29:34:00
720,Redemption Comforts,New,113.8,20,5.69,2005-08-23 01:14:01,7,20,4 days 29:11:54
215,Dawn Pond,Games,120.83,17,7.107647058823529,2005-08-23 14:23:44,6,16,5 days 10:59:00
106,Bulworth Commandments,Games,32.93,7,4.704285714285714,2005-08-22 19:17:24,2,7,5 days 05:11:17.142857
364,Godfather Diary,New,37.92,8,4.74,2005-08-22 11:19:22,3,8,3 days 37:40:15
745,Roses Treasure,Sports,137.77,23,5.99,2005-08-23 18:15:06,8,23,3 days 36:07:44.347826
662,Paths Control,Drama,81.9,10,8.19,2005-08-23 16:18:12,4,10,5 days 24:58:00
5,African Egg,Family,47.89,11,4.353636363636364,2006-02-14 15:16:03,3,11,6 days 26:19:42
197,Crusade Honey,Sports,44.93,7,6.418571428571429,2005-08-23 13:01:43,2,7,6 days 31:48:08.571428
434,Horror Reign,Travel,77.75,25,3.11,2005-08-23 13:10:16,8,24,4 days 16:52:00
127,Cat Coneheads,Comedy,159.73,27,5.915925925925926,2006-02-14 15:16:03,8,26,4 days 21:02:34.615385
830,Spirit Flintstones,Horror,14.86,14,1.0614285714285714,2005-08-20 23:18:54,4,14,3 days 27:36:04.285714
143,Chill Luck,Drama,29.79,21,1.4185714285714286,2005-08-23 21:27:11,7,21,4 days 18:06:45.714286
494,Karate Moon,Horror,51.8,20,2.59,2005-08-23 15:46:33,6,20,4 days 21:18:57
311,Fiction Christmas,Foreign,58.81,19,3.095263157894737,2005-08-23 13:18:16,7,18,5 days 17:53:09.473684
285,English Bulworth,Sci-Fi,99.74,26,3.8361538461538465,2005-08-23 18:43:11,7,26,5 days 14:19:02.307692
551,Maiden Home,New,152.78,22,6.944545454545455,2005-08-23 06:00:28,6,22,4 days 16:37:32.727273
470,Ishtar Rocketeer,Animation,42.94,6,7.156666666666666,2005-08-22 18:03:11,2,6,5 days 11:43:30
53,Bang Kwai,Family,22.93,7,3.275714285714286,2006-02-14 15:16:03,2,7,4 days 13:33:20
863,Sun Confessions,Sci-Fi,50.77,23,2.207391304347826,2005-08-22 10:07:52,7,22,4 days 32:08:28.695652
581,Minority Kiss,Music,27.89,12,2.3241666666666667,2006-02-14 15:16:03,3,11,4 days 23:39:49.090909
827,Spice Sorority,Drama,106.81,19,5.621578947368421,2005-08-23 03:01:56,6,19,3 days 21:56:15.789473
93,Brannigan Sunrise,New,56.91,9,6.323333333333332,2005-08-23 16:24:24,3,9,4 days 16:09:13.333333
28,Anthem Luke,Comedy,63.89,11,5.808181818181818,2005-08-22 22:37:34,3,11,4 days 15:15:05.454546
771,Scorpion Apollo,Drama,158.79,21,7.561428571428571,2005-08-23 22:19:33,7,21,4 days 28:01:54.285714
729,Rider Caddyshack,Sports,48.89,11,4.444545454545455,2005-08-22 17:00:31,4,11,5 days 17:54:16.363637
462,Insider Arizona,Music,61.83,17,3.637058823529412,2006-02-14 15:16:03,5,16,3 days 24:30:40
791,Show Lord,Documentary,145.78,22,6.626363636363637,2005-08-23 16:58:12,6,22,3 days 26:02:35.454545
935,Vanished Garden,New,14.94,7,2.1342857142857143,2006-02-14 15:16:03,2,7,5 days 27:04:50
596,Moonshine Cabin,Games,131.8,20,6.59,2005-08-22 19:37:20,6,20,4 days 22:35:00
79,Blade Polish,Drama,29.81,20,1.4905,2006-02-14 15:16:03,6,20,3 days 23:39:25.263158
723,Reign Gentlemen,Sci-Fi,105.81,19,5.568947368421052,2005-08-23 13:43:26,7,19,5 days 11:44:09.473684
509,Language Cowboy,Children,18.9,10,1.89,2005-08-19 07:36:42,3,10,4 days 18:59:18
384,Grosse Wonderful,Music,46.92,8,5.865,2005-08-21 13:54:15,3,8,4 days 18:52:45
983,Won Dares,Music,28.91,9,3.2122222222222225,2005-08-23 01:44:43,3,9,4 days 27:23:53.333333
407,Hawk Chill,Documentary,12.94,6,2.1566666666666667,2005-08-20 20:42:12,2,6,4 days 16:19:40
482,Jeopardy Encino,Classics,28.9,10,2.89,2005-08-20 12:59:38,3,10,4 days 11:44:48
923,Unfaithful Kill,Drama,26.92,8,3.365,2005-08-22 09:03:44,3,8,5 days 09:57:45
118,Canyon Stock,Animation,27.81,19,1.4636842105263157,2006-02-14 15:16:03,6,19,4 days 20:48:40
423,Hollywood Anonymous,Children,13.87,13,1.0669230769230769,2005-08-21 01:10:29,4,13,3 days 32:08:36.923077
374,Graffiti Love,Sci-Fi,67.74,26,2.6053846153846156,2005-08-23 15:03:58,7,26,3 days 26:42:50.769231
733,River Outlaw,Sports,56.82,19,2.9905263157894737,2006-02-14 15:16:03,7,19,5 days 13:01:03.333333
91,Bound Cheaper,Classics,50.76,24,2.115,2006-02-14 15:16:03,8,24,4 days 31:33:28.695652
828,Spiking Element,Classics,38.88,12,3.24,2005-08-22 13:03:52,4,12,4 days 18:44:00
927,Uprising Uptown,Action,45.87,13,3.5284615384615385,2005-08-23 16:54:09,4,13,4 days 21:31:09.230769
372,Graceland Dynamite,Sports,37.94,6,6.323333333333332,2005-08-17 07:46:54,2,6,4 days 31:15:00
578,Million Ace,Classics,103.83,17,6.107647058823529,2005-08-23 02:05:51,5,17,3 days 32:12:38.823529
893,Titans Jerk,Sci-Fi,186.73,27,6.915925925925926,2006-02-14 15:16:03,8,27,5 days 12:11:25.384615
408,Head Stranger,Games,142.79,21,6.7995238095238095,2005-08-23 04:51:52,7,21,4 days 21:39:31.428572
330,Forrester Comancheros,Animation,141.74,26,5.451538461538462,2006-02-14 15:16:03,7,26,5 days 10:30:57.6
70,Bikini Borrowers,Animation,79.86,14,5.704285714285714,2005-08-22 20:03:46,4,14,5 days 19:10:25.714286
185,Cowboy Doom,Foreign,28.93,7,4.1328571428571435,2005-08-22 22:28:36,2,7,2 days 32:55:25.714285
899,Towers Hurricane,Classics,10.91,9,1.212222222222222,2005-08-18 02:37:07,3,9,3 days 28:15:33.333333
920,Unbreakable Karate,New,76.81,19,4.042631578947368,2005-08-22 18:48:48,5,19,5 days 16:44:09.473684
204,Dalmations Sweden,Drama,54.82,18,3.045555555555556,2005-08-21 23:09:32,6,18,5 days 12:24:30
113,California Birds,Sports,73.89,11,6.717272727272727,2005-08-23 12:46:38,4,11,4 days 27:16:54.545454
910,Treatment Jekyll,Drama,6.94,6,1.1566666666666665,2005-08-21 04:09:18,2,6,2 days 15:28:00
56,Barefoot Manchurian,Action,59.83,17,3.5194117647058825,2005-08-23 19:45:25,5,17,4 days 19:10:10.588235
488,Joon Northwest,Sports,37.84,16,2.365,2005-08-23 16:45:28,5,16,3 days 24:22:15
337,Frida Slipper,Foreign,40.9,11,3.718181818181818,2006-02-14 15:16:03,4,11,5 days 12:13:54
693,Potter Connecticut,Animation,62.85,15,4.19,2005-08-22 01:20:19,5,15,4 days 27:48:20
844,Steers Armageddon,Sports,85.85,15,5.723333333333333,2005-08-22 23:11:59,4,15,4 days 25:29:04
232,Dirty Ace,Games,47.87,13,3.682307692307692,2005-08-21 18:35:44,5,13,4 days 25:43:41.538461
900,Town Ark,Foreign,46.87,13,3.605384615384616,2005-08-22 18:05:21,4,13,3 days 31:28:41.538462
160,Club Graffiti,Animation,38.82,17,2.2835294117647056,2006-02-14 15:16:03,5,17,4 days 12:20:48
117,Candles Grapes,Games,111.8,20,5.59,2005-08-22 06:49:29,6,20,4 days 20:57:00
848,Stone Fire,Travel,32.9,10,3.29,2005-08-22 22:49:13,3,10,4 days 25:48:30
792,Shrek License,Foreign,37.88,12,3.1566666666666667,2006-02-14 15:16:03,3,12,3 days 11:20:00
264,Dwarfs Alter,Games,28.92,8,3.615,2006-02-14 15:16:03,2,8,4 days 25:36:00
857,Strictly Scarface,Comedy,113.77,23,4.946521739130435,2005-08-23 20:23:08,7,23,4 days 15:22:18.26087
593,Monterey Labyrinth,Horror,19.89,11,1.8081818181818183,2005-08-22 07:16:45,4,11,3 days 33:05:49.090909
211,Darling Breaking,Games,44.92,8,5.615,2005-08-21 19:14:48,2,8,5 days 16:17:45
932,Valley Packer,Comedy,49.88,12,4.156666666666666,2005-08-22 01:10:32,4,12,5 days 18:32:50
358,Gilmore Boiled,Classics,52.76,24,2.1983333333333333,2005-08-22 17:18:32,8,24,4 days 26:02:25
781,Seven Swarm,Games,30.95,5,6.19,2005-08-23 04:28:25,2,5,4 days 14:19:48
829,Spinal Rocky,Family,39.87,13,3.066923076923077,2005-08-23 09:38:17,5,13,5 days 17:18:23.076923
310,Fever Empire,Games,33.95,5,6.79,2005-08-18 15:32:57,2,5,5 days 18:08:12
868,Superfly Trip,Travel,16.91,9,1.8788888888888888,2005-08-18 18:58:35,3,9,3 days 23:40:20
120,Caribbean Liberty,Sports,66.92,8,8.365,2005-08-23 00:05:57,3,7,5 days 29:49:30
958,Wardrobe Phantom,Drama,80.77,23,3.5117391304347825,2005-08-23 15:29:41,6,23,4 days 24:47:44.347827
222,Desert Poseidon,Horror,118.81,19,6.253157894736842,2005-08-23 18:40:41,6,19,4 days 12:51:28.421052
555,Mallrats United,Comedy,70.78,22,3.2172727272727277,2005-08-23 21:59:57,7,21,5 days 17:30:40.909091
187,Cranes Reservoir,Sports,33.91,9,3.7677777777777774,2005-08-22 12:01:06,3,9,4 days 18:38:13.333333
50,Baked Cleopatra,Family,76.85,15,5.123333333333333,2006-02-14 15:16:03,5,15,4 days 20:41:34.285715
125,Cassidy Wyoming,Travel,23.94,6,3.99,2005-08-23 19:14:07,2,6,5 days 10:17:40
609,Muscle Bright,Travel,86.73,27,3.2122222222222225,2005-08-23 00:07:53,8,27,3 days 30:45:53.333333
394,Hamlet Wisdom,Sci-Fi,39.88,12,3.3233333333333333,2005-08-20 10:31:01,4,12,5 days 23:06:25
418,Hobbit Alien,Drama,68.74,26,2.6438461538461535,2005-08-22 13:06:26,8,26,5 days 17:38:32.307692
451,Igby Maker,Travel,89.83,17,5.284117647058824,2006-02-14 15:16:03,5,17,4 days 33:22:07.5
251,Dragonfly Strangers,New,80.86,14,5.775714285714286,2006-02-14 15:16:03,5,14,4 days 15:52:00
134,Champion Flatliners,Animation,62.9,10,6.29,2005-08-23 16:44:25,3,10,3 days 34:33:54
575,Midsummer Groundhog,Documentary,129.82,18,7.2122222222222225,2005-08-21 19:59:30,6,18,3 days 37:10:06.666667
347,Games Bowfinger,Travel,62.88,12,5.24,2005-08-23 02:33:27,4,12,3 days 23:56:55
137,Charade Duffel,Sci-Fi,66.87,13,5.1438461538461535,2005-08-23 22:20:40,4,13,4 days 18:16:50.76923
268,Early Home,Animation,36.94,6,6.156666666666666,2005-08-21 17:57:26,2,6,5 days 34:25:30
427,Homeward Cider,Documentary,23.84,16,1.49,2005-08-21 13:07:24,4,16,2 days 36:12:11.25
605,Mulholland Beast,Foreign,21.93,7,3.132857142857143,2006-02-14 15:16:03,2,7,4 days 20:29:20
54,Banger Pinocchio,Music,40.8,20,2.04,2005-08-23 21:01:09,5,20,4 days 20:14:12
916,Turn Star,Animation,56.88,12,4.74,2005-08-22 16:06:23,4,12,3 days 23:46:30
205,Dances None,Action,28.87,13,2.2207692307692306,2006-02-14 15:16:03,4,13,3 days 26:11:27.272727
976,Wind Phantom,Games,33.79,21,1.609047619047619,2005-08-23 02:39:56,6,21,4 days 13:30:25.714286
284,Enemy Odds,Music,159.75,25,6.39,2005-08-21 10:10:01,7,25,4 days 27:24:07.2
68,Betrayed Rear,Children,79.87,13,6.1438461538461535,2005-08-21 04:29:11,4,13,4 days 22:03:27.692308
316,Fire Wolves,Games,39.93,7,5.704285714285714,2005-08-20 19:19:30,2,7,4 days 27:15:17.142857
864,Sundance Invasion,Children,36.82,18,2.045555555555556,2006-02-14 15:16:03,6,18,4 days 19:06:24.705882
590,Money Harold,New,111.8,20,5.59,2005-08-22 10:55:45,7,20,4 days 25:57:15
89,Borrowers Bedazzled,Animation,25.8,20,1.29,2005-08-23 17:42:42,6,20,5 days 19:03:42
552,Majestic Floats,Documentary,36.85,15,2.456666666666667,2005-08-22 02:04:38,4,15,5 days 23:49:32
351,Gaslight Crusade,Horror,62.84,16,3.9275,2005-08-23 18:45:06,6,16,3 days 24:04:41.25
461,Insects Stone,Animation,36.81,18,2.045,2006-02-14 15:16:03,6,18,2 days 31:30:35.294118
375,Grail Frankenstein,Action,40.92,8,5.115,2006-02-14 15:16:03,2,8,5 days 14:00:08.571429
796,Sierra Divide,Sports,57.85,15,3.8566666666666665,2005-08-23 10:35:45,5,15,5 days 14:51:08
818,Something Duck,Drama,120.82,18,6.7122222222222225,2005-08-20 17:24:45,5,18,4 days 26:10:33.333333
895,Tomorrow Hustler,Classics,101.76,24,4.24,2005-08-23 22:20:26,7,24,3 days 23:50:27.5
1000,Zorro Ark,Comedy,199.72,28,7.1328571428571435,2005-08-23 17:56:01,8,27,4 days 21:07:17.142858
105,Bull Shawshank,Action,21.84,16,1.365,2006-02-14 15:16:03,5,16,4 days 17:32:32
647,Outfield Massacre,Music,54.82,18,3.045555555555556,2006-02-14 15:16:03,6,18,4 days 36:05:00
527,Lola Agent,Horror,154.77,23,6.729130434782609,2005-08-22 11:36:16,6,22,5 days 10:12:36.521739
45,Attraction Newton,New,133.78,22,6.08090909090909,2005-08-21 23:00:02,6,22,3 days 33:23:40.90909
123,Casablanca Super,Travel,82.84,16,5.1775,2005-08-23 01:16:55,5,16,3 days 32:07:30
425,Holy Tadpole,Classics,17.92,8,2.24,2005-08-20 08:27:01,2,8,5 days 19:37:30
370,Gorgeous Bingo,Children,94.83,17,5.578235294117647,2006-02-14 15:16:03,5,17,6 days 13:31:41.25
387,Gun Bonnie,Games,30.79,21,1.4661904761904763,2005-08-22 19:02:48,6,20,5 days 13:24:28.571429
546,Madre Gables,Games,47.87,13,3.682307692307692,2005-08-23 11:15:20,4,13,6 days 15:12:55.384615
994,Wyoming Storm,New,61.89,11,5.626363636363637,2005-08-23 18:31:40,3,11,3 days 29:00:54.545455
339,Frogmen Breaking,Travel,16.9,10,1.69,2005-08-19 15:25:48,3,10,4 days 27:36:36
153,Citizen Shrek,Sci-Fi,21.87,13,1.6823076923076925,2005-08-23 09:09:18,4,13,4 days 26:52:46.153847
231,Dinosaur Secretary,Family,67.81,19,3.568947368421053,2005-08-23 20:07:10,8,18,5 days 20:20:00
101,Brotherhood Blanket,Documentary,98.77,23,4.294347826086957,2005-08-22 22:57:25,6,23,5 days 27:58:39.130435
464,Intentions Empire,Animation,78.83,17,4.637058823529412,2006-02-14 15:16:03,7,17,4 days 12:40:20
243,Doors President,Animation,118.82,18,6.601111111111111,2006-02-14 15:16:03,6,18,4 days 14:40:15
741,Roman Punk,Music,25.79,21,1.228095238095238,2005-08-23 15:59:12,6,20,4 days 28:25:31.428572
116,Candidate Perdition,Classics,88.82,17,5.224705882352941,2006-02-14 15:16:03,6,16,5 days 20:56:22.5
62,Bed Highball,Documentary,24.94,6,4.156666666666666,2005-08-18 17:34:11,2,6,4 days 37:52:10
846,Sting Personal,New,149.8,20,7.49,2005-08-23 22:21:03,8,20,4 days 25:24:15
21,American Circus,Action,146.81,19,7.726842105263159,2006-02-14 15:16:03,6,19,5 days 16:10:30
206,Dancing Fever,Documentary,49.76,24,2.0733333333333333,2005-08-22 11:11:51,8,23,5 days 27:44:32.5
424,Holocaust Highball,Children,23.84,16,1.49,2005-08-22 21:36:51,5,16,4 days 22:54:03.75
858,Submarine Bed,Comedy,78.87,13,6.066923076923077,2005-08-21 10:22:51,4,13,3 days 35:32:55.384616
58,Beach Heartbreakers,Documentary,55.86,14,3.99,2005-08-23 15:29:17,4,14,4 days 33:16:00
709,Racer Egg,Drama,54.83,17,3.2252941176470586,2005-08-23 17:36:00,6,17,4 days 19:00:17.647059
755,Sabrina Midnight,Children,126.79,21,6.037619047619048,2005-08-21 20:53:40,7,21,4 days 13:46:00
859,Sugar Wonka,Animation,93.85,15,6.256666666666667,2005-08-23 03:03:53,6,15,3 days 17:18:24
65,Behavior Runaway,Horror,87.89,11,7.99,2005-08-22 06:46:03,4,11,5 days 14:02:00
213,Date Speed,Family,41.88,12,3.49,2005-08-21 16:32:32,4,12,5 days 17:48:40
598,Mosquito Armageddon,Sports,16.89,11,1.5354545454545456,2006-02-14 15:16:03,4,11,4 days 24:50:42
368,Gone Trouble,Drama,29.92,8,3.74,2005-08-22 19:16:04,2,8,5 days 25:29:52.5
599,Mother Oleander,Sports,63.87,13,4.913076923076924,2005-08-23 15:59:51,5,13,6 days 15:36:18.461539
257,Drumline Cyclone,Travel,36.9,10,3.69,2005-08-21 07:56:39,3,10,4 days 33:28:18
433,Horn Working,Animation,109.77,23,4.772608695652173,2005-08-23 10:04:36,6,23,4 days 15:57:57.391305
447,Ice Crossing,Games,90.78,22,4.126363636363637,2005-08-23 02:08:40,7,22,4 days 17:27:00
15,Alien Center,Foreign,84.8,20,4.24,2005-08-23 19:21:22,6,20,4 days 27:31:27
675,Phantom Glory,New,21.94,6,3.6566666666666663,2005-08-19 05:11:47,2,6,3 days 30:14:40
26,Annie Identity,Sci-Fi,50.81,19,2.674210526315789,2005-08-23 03:30:51,5,19,3 days 29:23:18.947369
524,Lion Uncut,Comedy,33.83,17,1.99,2005-08-23 03:32:31,6,17,5 days 14:35:03.529412
396,Hanging Deep,Drama,92.85,15,6.19,2005-08-20 23:42:31,4,15,4 days 20:34:00
59,Bear Graceland,Children,93.81,19,4.937368421052632,2005-08-23 11:56:22,5,19,4 days 36:06:28.421053
633,October Submarine,Classics,57.9,10,5.79,2005-08-23 18:43:31,3,10,4 days 32:37:48
797,Silence Kane,Music,15.85,15,1.0566666666666666,2005-08-22 20:55:56,5,15,4 days 27:52:20
904,Train Bunch,Horror,24.96,4,6.24,2005-08-23 21:56:04,2,4,3 days 08:23:00
866,Sunset Racer,Family,11.93,7,1.7042857142857144,2005-08-23 09:40:04,2,7,5 days 17:00:25.714286
210,Darko Dorado,Action,72.9,10,7.29,2005-08-23 11:32:35,3,10,4 days 23:38:30
835,Spy Mile,Games,94.73,27,3.5085185185185184,2005-08-22 16:37:36,8,27,4 days 26:33:24.444444
871,Sweden Shining,Comedy,101.83,16,6.364375,2006-02-14 15:16:03,5,16,6 days 17:54:28
132,Chainsaw Uptown,Sci-Fi,31.81,19,1.6742105263157896,2005-08-23 15:37:31,6,19,4 days 20:30:22.105263
682,Pittsburgh Hunchback,Family,83.89,11,7.626363636363635,2005-08-22 06:37:43,3,11,6 days 17:00:49.09091
751,Runaway Tenenbaums,New,11.93,7,1.7042857142857144,2005-08-21 06:18:22,2,7,4 days 31:01:17.142857
301,Family Sweet,Horror,60.73,26,2.335769230769231,2006-02-14 15:16:03,8,26,4 days 12:01:17.5
429,Honey Ties,Sports,59.84,16,3.74,2005-08-23 02:45:21,6,16,5 days 15:27:52.5
646,Outbreak Divine,Games,31.82,18,1.767777777777778,2005-08-23 10:22:21,5,16,4 days 27:03:26.666667
307,Fellowship Autumn,Travel,137.76,24,5.74,2005-08-22 13:39:20,6,23,5 days 13:31:40
237,Divorce Shining,Sports,21.95,5,4.39,2005-08-22 10:13:09,2,5,3 days 23:31:00
155,Cleopatra Devil,New,27.85,16,1.740625,2006-02-14 15:16:03,5,16,5 days 22:50:28
963,Watch Tracy,Animation,33.85,15,2.256666666666667,2005-08-22 17:48:28,5,15,4 days 21:41:00
776,Secret Groundhog,Documentary,105.81,19,5.568947368421052,2005-08-22 20:27:38,5,19,4 days 16:13:03.157895
634,Odds Boogie,Family,19.87,13,1.5284615384615383,2005-08-23 14:01:07,4,13,4 days 29:26:41.538462
601,Moulin Wake,Travel,51.84,16,3.24,2005-08-22 10:24:32,5,16,5 days 18:29:15
239,Dogma Family,Animation,168.72,28,6.025714285714286,2005-08-23 05:24:29,8,28,4 days 22:45:30
764,Saturday Lambs,Sports,190.74,26,7.336153846153846,2005-08-23 19:42:04,8,26,4 days 25:37:06.923077
356,Giant Troopers,Children,100.74,26,3.874615384615385,2005-08-22 16:57:02,8,26,3 days 33:25:34.615385
526,Lock Rear,Travel,42.86,14,3.0614285714285714,2005-08-23 03:52:36,4,14,3 days 13:40:08.571428
119,Caper Motions,Comedy,37.77,23,1.6421739130434785,2005-08-23 22:18:51,7,23,4 days 15:20:54.782609
449,Identity Lover,Sci-Fi,56.88,12,4.74,2005-08-21 13:55:39,4,12,5 days 08:23:20
280,Empire Malkovich,Children,26.81,19,1.4110526315789473,2005-08-20 19:03:25,6,17,5 days 22:06:00
7,Airplane Sierra,Comedy,82.85,15,5.5233333333333325,2005-08-22 17:18:05,5,15,3 days 37:58:04
772,Sea Virgin,Drama,84.81,19,4.463684210526316,2005-08-23 05:49:21,6,19,4 days 19:09:50.526315
715,Range Moonwalker,Family,158.77,23,6.903043478260869,2005-08-23 11:35:12,7,23,4 days 11:59:36.521739
201,Cyclone Family,Foreign,43.87,14,3.133571428571429,2006-02-14 15:16:03,4,14,4 days 24:02:46.153846
103,Bucket Brotherhood,Travel,150.72,28,5.3828571428571435,2005-08-23 21:49:22,8,27,4 days 26:45:42.857142
216,Day Unfaithful,New,93.88,12,7.823333333333332,2006-02-14 15:16:03,5,12,5 days 26:20:05.454546
111,Caddyshack Jedi,Action,46.86,14,3.347142857142857,2005-08-23 14:27:07,4,11,4 days 19:24:47.142858
214,Daughter Madigan,Children,69.91,9,7.767777777777779,2005-08-23 00:46:52,4,8,5 days 16:12:46.666667
708,Quills Bull,Documentary,77.87,13,5.99,2005-08-23 08:51:21,4,13,3 days 28:38:18.461538
410,Heaven Freedom,Comedy,49.85,15,3.3233333333333333,2005-08-23 14:42:07,5,15,4 days 26:09:08
922,Undefeated Dalmations,Horror,102.81,19,5.411052631578947,2005-08-23 13:29:08,7,19,4 days 14:08:06.315789
102,Bubble Grosse,Sports,35.94,6,5.99,2006-02-14 15:16:03,2,6,3 days 34:20:24
97,Bride Intrigue,Action,20.82,18,1.1566666666666667,2005-08-23 20:29:10,6,18,4 days 17:12:26.666667
903,Traffic Hobbit,Travel,24.95,5,4.99,2005-08-21 16:24:45,2,5,2 days 33:38:12
649,Oz Liaisons,Animation,87.78,22,3.99,2005-08-23 04:00:30,6,21,3 days 24:46:16.363636
80,Blanket Beverly,Family,33.9,10,3.39,2006-02-14 15:16:03,4,10,6 days 07:50:53.333333
718,Rebel Airport,Music,6.93,7,0.99,2005-08-23 01:59:14,2,7,4 days 21:25:17.142857
946,Virtual Spoilers,Family,105.87,13,8.143846153846154,2005-08-23 13:22:56,4,13,5 days 24:12:18.461538
778,Secrets Paradise,Family,139.82,18,7.767777777777779,2005-08-22 21:01:48,6,18,5 days 12:05:16.666667
553,Maker Gables,Children,32.9,10,3.29,2005-08-23 21:52:56,3,10,4 days 32:03:00
294,Expecations Natural,Travel,101.83,17,5.99,2005-08-22 09:33:08,5,17,4 days 26:08:10.588235
571,Metal Armageddon,Documentary,88.79,21,4.228095238095238,2005-08-22 23:58:09,6,21,5 days 27:35:08.571428
443,Hurricane Affair,Comedy,82.77,23,3.598695652173913,2005-08-21 09:04:20,7,23,4 days 31:06:44.347826
189,Creatures Shakespeare,Games,56.84,16,3.5525,2006-02-14 15:16:03,6,16,5 days 23:20:17.142857
51,Balloon Homeward,Music,91.78,22,4.171818181818182,2005-08-23 00:56:27,6,22,4 days 34:36:38.181818
658,Paris Weekend,Horror,40.88,12,3.4066666666666667,2005-08-23 07:23:29,4,12,5 days 22:06:20
202,Daddy Pittsburgh,Comedy,63.89,11,5.808181818181818,2005-08-22 01:17:16,3,11,4 days 22:44:16.363637
704,Pure Runner,Comedy,89.85,15,5.99,2006-02-14 15:16:03,5,15,5 days 27:02:47.142857
29,Antitrust Tomatoes,Action,27.93,7,3.99,2005-08-21 01:31:25,2,7,5 days 06:17:34.285714
813,Smoochy Control,Sports,14.88,12,1.24,2006-02-14 15:16:03,4,12,4 days 25:05:43.636363
936,Vanishing Rocky,Music,80.83,17,4.7547058823529404,2006-02-14 15:16:03,6,17,4 days 09:27:33.75
680,Pinocchio Simon,Comedy,119.82,18,6.656666666666666,2005-08-23 21:30:45,6,18,4 days 26:11:20
2,Ace Goldfinger,Horror,52.93,7,7.561428571428571,2006-02-14 15:16:03,3,7,5 days 15:25:30
393,Halloween Nuts,Documentary,29.92,8,3.74,2005-08-23 06:50:27,2,8,5 days 11:43:37.5
890,Tights Dawn,Sports,54.76,24,2.2816666666666667,2005-08-23 07:07:22,7,23,4 days 28:52:37.5
875,Talented Homicide,Sports,34.76,24,1.4483333333333333,2005-08-23 03:46:47,7,23,4 days 17:10:00
463,Instinct Airport,Sports,69.83,17,4.107647058823529,2005-08-23 15:41:12,5,17,3 days 26:06:45.882353
4,Affair Prejudice,Horror,83.79,21,3.99,2006-02-14 15:16:03,7,20,4 days 16:00:03
220,Deer Virginian,Music,78.76,25,3.1504,2006-02-14 15:16:03,8,23,4 days 24:52:12.5
979,Witches Panic,Drama,146.75,25,5.87,2005-08-23 09:16:39,7,23,5 days 16:22:00
147,Chocolat Harry,Family,49.81,19,2.621578947368421,2005-08-20 09:07:39,6,19,5 days 14:30:06.315789
289,Eve Resurrection,New,40.93,7,5.847142857142857,2005-08-18 19:36:05,2,7,5 days 04:05:42.857143
543,Madigan Dorado,Travel,48.92,8,6.115,2005-08-23 01:45:07,2,8,5 days 11:28:37.5
790,Shootist Superfly,Drama,36.77,23,1.598695652173913,2005-08-23 05:01:13,7,23,4 days 23:23:05.217391
919,Tycoon Gathering,Games,103.88,12,8.656666666666666,2005-08-23 06:18:43,4,12,5 days 36:15:45
417,Hills Neighbors,Action,58.79,21,2.799523809523809,2005-08-23 04:17:56,6,21,5 days 29:49:42.857143
329,Forrest Sons,Action,83.83,17,4.931176470588235,2005-08-23 15:47:02,6,17,5 days 11:47:56.470588
397,Hanky October,Sci-Fi,104.77,23,4.555217391304348,2005-08-23 18:23:30,7,23,5 days 20:43:54.782609
703,Punk Divorce,Animation,41.93,7,5.99,2005-08-20 16:51:18,2,7,4 days 25:53:34.285715
19,Amadeus Holy,Action,32.8,20,1.64,2006-02-14 15:16:03,6,20,4 days 26:54:44.210527
887,Thief Pelican,Animation,97.84,16,6.115,2005-08-22 14:23:11,6,16,4 days 28:39:11.25
338,Frisco Forrest,Sci-Fi,53.91,9,5.99,2006-02-14 15:16:03,3,9,5 days 28:33:22.5
154,Clash Freddy,Animation,77.77,23,3.381304347826087,2005-08-23 18:49:32,7,23,4 days 21:53:36.521739
179,Conquerer Nuts,Drama,84.87,13,6.5284615384615385,2005-08-22 21:29:14,4,13,4 days 21:18:27.692307
595,Moon Bunch,Foreign,35.74,26,1.3746153846153846,2005-08-22 10:49:06,8,26,4 days 22:17:16.153846
547,Magic Mallrats,Children,17.93,7,2.5614285714285714,2005-08-22 23:38:01,2,7,3 days 25:16:51.428571
677,Pianist Outfield,New,38.78,21,1.846666666666667,2006-02-14 15:16:03,7,21,4 days 11:49:54
16,Alley Evolution,Foreign,46.87,13,3.605384615384616,2005-08-22 07:10:26,4,13,4 days 29:27:09.23077
207,Dangerous Uptown,Foreign,66.88,12,5.573333333333332,2005-08-23 10:32:52,4,11,5 days 27:33:20
883,Tequila Past,Children,32.94,6,5.49,2005-08-22 07:48:01,2,6,2 days 32:05:20
159,Closer Bang,Comedy,152.76,24,6.365,2005-08-22 21:28:59,7,24,4 days 34:19:55
334,Freddy Storm,Horror,115.79,21,5.513809523809524,2005-08-23 00:30:26,6,21,4 days 29:28:34.285714
481,Jekyll Frogmen,New,78.84,16,4.9275,2005-08-23 20:53:20,6,15,4 days 21:35:22.5
156,Clerks Angels,Documentary,45.94,6,7.656666666666665,2005-08-21 04:49:48,2,6,5 days 16:48:10
409,Heartbreakers Bright,Children,132.8,20,6.64,2005-08-23 18:54:32,7,20,3 days 31:53:18
323,Flight Lies,Sports,68.88,12,5.74,2005-08-21 02:14:03,4,12,6 days 30:29:55
69,Beverly Outlaw,Sci-Fi,115.79,21,5.513809523809524,2005-08-23 15:19:15,8,21,4 days 30:03:28.571429
853,Stranger Strangers,Children,65.9,10,6.59,2005-08-20 15:18:20,3,10,3 days 24:13:36
342,Fugitive Maguire,Travel,56.89,11,5.171818181818182,2005-08-23 13:33:46,4,11,3 days 24:47:43.636364
169,Comforts Rush,Travel,69.85,15,4.656666666666666,2005-08-19 16:50:50,4,15,3 days 27:49:20
270,Earth Vision,New,34.77,23,1.5117391304347827,2006-02-14 15:16:03,7,23,5 days 15:37:24.545455
670,Pelican Comforts,Documentary,165.77,23,7.2073913043478255,2005-08-23 21:07:59,7,23,5 days 19:07:46.956522
437,House Dynamite,Family,65.8,20,3.29,2005-08-23 20:16:27,6,19,4 days 16:16:30
619,Neighbors Charade,Sports,62.83,17,3.695882352941177,2005-08-21 23:40:28,6,17,4 days 34:16:49.411764
789,Shock Cabin,Foreign,96.71,29,3.334827586206897,2006-02-14 15:16:03,8,29,5 days 09:34:20
380,Greek Everyone,Foreign,55.83,17,3.2841176470588236,2005-08-19 23:38:02,5,17,4 days 21:21:45.882353
186,Craft Outfield,Drama,18.86,14,1.3471428571428572,2005-08-21 10:19:25,4,14,3 days 32:37:00
535,Love Suicides,Horror,22.85,15,1.5233333333333332,2005-08-23 18:23:11,4,14,4 days 19:23:40
377,Grease Youth,Family,27.8,20,1.39,2005-08-23 15:15:19,6,20,3 days 30:25:24
480,Jeepers Wedding,Classics,70.87,13,5.451538461538462,2005-08-23 03:13:01,4,13,5 days 09:17:23.076923
233,Disciple Mother,Travel,39.82,18,2.2122222222222225,2006-02-14 15:16:03,6,16,3 days 15:46:21.176471
725,Requiem Tycoon,Classics,105.82,18,5.878888888888889,2005-08-23 09:37:34,6,18,4 days 21:14:36.666667
492,Jungle Closer,New,23.88,12,1.99,2005-08-19 04:27:05,2,12,6 days 16:17:30
250,Dragon Squad,Action,27.89,11,2.535454545454545,2005-08-23 18:28:09,4,11,4 days 22:11:10.909091
511,Lawrence Love,Action,15.87,13,1.2207692307692308,2005-08-23 21:45:02,5,13,3 days 36:25:23.076923
700,Prix Undefeated,Family,37.9,10,3.79,2005-08-20 13:26:37,3,10,2 days 34:11:30
11,Alamo Videotape,Foreign,30.78,22,1.3990909090909092,2005-08-22 04:04:31,7,21,4 days 18:35:54.545454
3,Adaptation Holes,Documentary,34.89,11,3.1718181818181814,2005-08-23 13:54:39,4,11,3 days 14:38:27.272727
808,Sling Luke,Classics,14.94,6,2.49,2005-08-18 20:20:59,2,6,4 days 31:40:50
441,Hunter Alter,Documentary,24.95,5,4.99,2005-08-23 16:44:31,2,4,6 days 19:26:00
960,Wars Pluto,Documentary,42.9,10,4.29,2005-08-22 10:34:39,3,10,5 days 12:34:36
769,School Jacket,Foreign,35.94,6,5.99,2005-08-21 09:25:11,2,6,4 days 28:50:00
775,Seattle Expecations,Drama,125.8,19,6.621052631578947,2006-02-14 15:16:03,5,19,4 days 25:47:40
181,Contact Anonymous,Travel,78.76,24,3.2816666666666667,2005-08-21 23:08:33,7,23,4 days 25:01:57.5
737,Rock Instinct,Horror,48.83,17,2.8723529411764703,2005-08-23 07:54:54,6,15,4 days 25:21:45.882353
317,Fireball Philadelphia,Comedy,57.81,19,3.0426315789473684,2005-08-22 19:41:37,7,18,5 days 18:52:56.842105
81,Blindness Gun,Sci-Fi,71.87,13,5.5284615384615385,2005-08-23 09:41:28,4,13,5 days 10:19:41.538462
765,Saturn Name,Comedy,70.87,13,5.451538461538462,2005-08-23 18:36:44,4,13,4 days 32:57:13.846154
458,Indian Love,Family,46.85,15,3.123333333333333,2005-08-23 16:50:43,6,15,5 days 11:06:36
815,Snatchers Montezuma,Classics,37.91,9,4.2122222222222225,2005-08-23 19:13:46,3,9,3 days 20:30:06.666667
567,Meet Chocolate,Foreign,56.89,11,5.171818181818182,2005-08-23 20:44:10,4,11,4 days 20:27:10.909091
941,Videotape Arsenic,Games,148.76,24,6.198333333333332,2005-08-22 15:29:15,7,23,3 days 34:43:40
566,Maude Mod,Foreign,10.93,7,1.5614285714285714,2005-08-19 12:04:03,2,7,4 days 22:28:42.857143
661,Past Suicides,Foreign,66.88,12,5.573333333333332,2005-08-20 21:50:11,4,12,3 days 34:13:00
298,Eyes Driving,Sci-Fi,68.84,16,4.3025,2005-08-21 22:21:49,5,16,4 days 23:38:37.5
254,Driver Annie,Sports,62.84,16,3.9275,2006-02-14 15:16:03,5,15,3 days 20:57:12
541,Luke Mummy,Animation,28.93,7,4.1328571428571435,2005-08-21 18:35:54,2,7,4 days 24:10:42.857142
475,Japanese Run,Horror,7.94,6,1.3233333333333333,2005-08-23 14:43:15,2,6,4 days 05:51:20
112,Calendar Gunfight,Foreign,123.82,18,6.878888888888889,2005-08-23 00:49:24,7,18,4 days 30:25:13.333333
841,Star Operation,Sports,83.8,20,4.19,2006-02-14 15:16:03,7,20,5 days 15:57:03.157894
406,Haunting Pianist,Games,47.8,20,2.39,2005-08-23 16:15:45,6,20,5 days 12:03:21
503,Kramer Chocolate,Sports,47.91,9,5.323333333333332,2005-08-22 11:58:58,3,9,4 days 21:48:33.333333
687,Pocus Pulp,Documentary,40.75,25,1.63,2005-08-23 15:21:19,7,25,4 days 21:50:16.8
502,Knock Warlock,Comedy,99.79,21,4.751904761904761,2005-08-22 10:14:33,7,20,4 days 37:21:57.142857
194,Crow Grease,Action,14.89,11,1.3536363636363635,2005-08-23 07:31:10,4,11,3 days 32:30:05.454546
739,Rocky War,Drama,88.87,13,6.836153846153846,2005-08-22 20:41:53,5,13,4 days 19:58:32.307693
989,Working Microcosmos,Travel,144.78,22,6.58090909090909,2005-08-23 02:06:01,6,22,4 days 26:30:38.181818
816,Snowman Rollercoaster,Animation,65.79,21,3.132857142857143,2005-08-23 20:08:26,7,21,4 days 21:03:54.285714
487,Jingle Sagebrush,Classics,59.89,11,5.444545454545455,2005-08-23 00:37:21,3,11,3 days 26:04:05.454545
650,Pacific Amistad,Documentary,43.81,19,2.3057894736842104,2005-08-23 02:25:09,6,19,3 days 15:20:37.894737
956,Wanda Chamber,Games,76.86,14,5.49,2006-02-14 15:16:03,4,14,4 days 38:07:00
124,Casper Dragonfly,Children,45.93,7,6.561428571428571,2005-08-21 20:01:34,3,7,3 days 28:13:42.857143
738,Rocketeer Mother,Foreign,97.72,28,3.49,2005-08-23 20:10:13,8,27,4 days 33:07:32.142857
306,Feathers Metal,Games,31.91,9,3.545555555555556,2005-08-21 17:33:18,3,9,5 days 11:01:46.666667
383,Groove Fiction,Sports,40.83,17,2.4017647058823526,2005-08-21 12:47:53,5,17,5 days 35:21:28.235294
641,Orange Grapes,Foreign,61.78,22,2.8081818181818186,2005-08-23 20:13:31,7,22,4 days 33:10:43.636363
90,Boulevard Mob,New,56.84,16,3.5525,2006-02-14 15:16:03,6,16,5 days 16:26:48
644,Oscar Gold,Animation,83.75,25,3.35,2005-08-23 15:09:17,7,24,4 days 23:52:33.6
420,Holes Brannigan,Sports,75.86,15,5.057333333333333,2006-02-14 15:16:03,5,15,4 days 31:42:55.714286
352,Gathering Calendar,Games,19.9,10,1.99,2005-08-22 01:09:04,4,10,3 days 21:56:00
203,Daisy Menagerie,Sci-Fi,85.86,14,6.1328571428571435,2005-08-22 18:21:04,4,14,4 days 19:57:00
95,Breakfast Goldfinger,New,104.84,16,6.5525,2005-08-23 18:59:33,5,15,4 days 37:36:33.75
897,Torque Bound,Drama,169.76,23,7.380869565217391,2006-02-14 15:16:03,8,23,4 days 23:28:40.909091
891,Timberland Sky,Classics,102.74,26,3.9515384615384614,2005-08-23 00:53:57,7,26,5 days 18:09:27.692307
645,Others Soup,Travel,70.8,20,3.54,2005-08-23 13:05:10,6,20,4 days 28:58:54
84,Boiled Dares,Travel,66.87,13,5.1438461538461535,2005-08-21 04:30:47,4,12,3 days 29:58:13.846154
867,Super Wyoming,Family,78.88,12,6.573333333333332,2005-08-20 17:58:00,4,12,5 days 19:44:10
999,Zoolander Fiction,Children,66.85,15,4.456666666666666,2005-08-23 08:48:43,5,15,5 days 12:49:36
888,Thin Sagebrush,Documentary,73.89,11,6.717272727272727,2005-08-21 19:19:21,4,11,5 days 12:14:00
836,Squad Fish,Sports,27.93,7,3.99,2005-08-23 19:42:46,3,7,3 days 10:56:17.142857
405,Haunted Antitrust,Travel,31.94,6,5.323333333333332,2006-02-14 15:16:03,2,6,4 days 08:35:12
908,Trap Guys,Foreign,119.85,15,7.99,2005-08-22 23:48:56,4,15,4 days 37:50:28
496,Kick Savannah,Travel,48.83,17,2.8723529411764703,2006-02-14 15:16:03,5,17,3 days 35:50:15
699,Private Drop,Games,26.95,5,5.39,2005-08-19 23:48:23,2,5,4 days 22:47:24
905,Trainspotting Strangers,Comedy,46.91,9,5.2122222222222225,2005-08-23 19:22:36,3,9,4 days 30:14:40
327,Fool Mockingbird,Action,162.79,21,7.751904761904763,2005-08-22 07:37:24,6,21,5 days 10:59:00
569,Menagerie Rushmore,Animation,18.94,6,3.1566666666666667,2005-08-23 01:38:48,2,6,5 days 08:58:00
734,Road Roxanne,Documentary,115.83,17,6.813529411764706,2005-08-23 14:29:16,6,17,4 days 31:36:03.529411
749,Rules Human,Horror,78.87,13,6.066923076923077,2005-08-22 06:53:21,4,13,5 days 26:11:13.846154
728,Reunion Witches,Drama,50.82,18,2.8233333333333333,2005-08-23 07:43:00,5,18,3 days 27:40:43.333333
652,Pajama Jawbreaker,Classics,39.86,14,2.847142857142857,2005-08-21 23:47:16,4,14,4 days 16:35:34.285714
438,Human Graffiti,Games,80.85,15,5.39,2005-08-22 17:46:41,5,15,4 days 24:59:24
32,Apocalypse Flamingos,New,24.95,5,4.99,2005-08-23 03:50:48,2,5,3 days 17:47:12
52,Ballroom Mockingbird,Foreign,9.93,7,1.4185714285714286,2005-08-22 15:42:57,2,7,4 days 24:25:42.857142
681,Pirates Roxanne,Sports,45.81,18,2.545,2006-02-14 15:16:03,6,18,4 days 23:32:10.588236
554,Malkovich Pet,Classics,75.77,23,3.2943478260869563,2005-08-23 14:23:23,7,22,3 days 33:54:39.130434
793,Shrunk Divine,Action,46.87,13,3.605384615384616,2005-08-23 18:51:41,4,13,4 days 31:56:55.384615
843,Steel Santa,Classics,136.78,22,6.217272727272727,2005-08-23 17:16:28,7,21,3 days 34:19:51.818181
369,Goodfellas Salute,Sci-Fi,164.75,25,6.59,2005-08-23 18:08:19,8,25,4 days 21:48:28.8
716,Reap Unfaithful,Horror,62.84,16,3.9275,2005-08-23 05:32:03,5,16,4 days 32:16:41.25
938,Velvet Terminator,Comedy,152.77,23,6.642173913043479,2005-08-23 18:46:44,6,23,3 days 31:23:31.304348
49,Badman Dawn,Sci-Fi,76.79,21,3.6566666666666663,2005-08-23 15:23:50,6,20,4 days 13:07:11.428572
478,Jaws Harry,Comedy,59.87,13,4.605384615384616,2005-08-21 12:07:25,5,13,4 days 21:21:32.307692
839,Stallion Sundance,Sci-Fi,7.94,6,1.3233333333333333,2005-08-23 07:13:43,2,6,2 days 36:40:30
881,Temple Attraction,Horror,57.9,10,5.79,2005-08-23 06:09:44,4,10,3 days 34:37:18
849,Storm Happiness,Animation,42.74,26,1.6438461538461537,2005-08-22 20:44:35,8,26,4 days 23:40:57.692308
275,Egypt Tenenbaums,Horror,66.84,16,4.1775,2005-08-22 18:39:11,5,16,5 days 22:38:15
223,Desire Alien,Animation,25.92,8,3.24,2005-08-22 16:22:53,2,8,3 days 34:41:07.5
63,Bedazzled Married,Family,14.88,12,1.24,2005-08-23 20:44:36,4,11,3 days 22:36:05
913,Troopers Metal,New,46.86,14,3.347142857142857,2005-08-23 07:25:29,6,14,4 days 24:55:30
659,Park Citizen,Action,48.94,6,8.156666666666666,2005-08-20 20:26:53,2,6,5 days 20:34:50
978,Wisdom Worker,Comedy,29.91,9,3.3233333333333333,2005-08-21 03:40:40,3,9,4 days 25:02:06.666667
613,Mystic Truman,Comedy,17.92,8,2.24,2005-08-23 16:44:56,2,8,4 days 30:00:15
413,Hedwig Alter,Comedy,31.9,10,3.19,2005-08-23 08:42:40,3,10,3 days 27:50:48
107,Bunch Minds,Drama,25.95,5,5.19,2005-08-21 16:05:11,2,5,5 days 12:35:12
826,Speed Suit,Travel,44.92,8,5.615,2005-08-20 14:42:34,2,8,5 days 24:01:52.5
959,Warlock Werewolf,Children,21.94,6,3.6566666666666663,2005-08-19 13:12:28,2,6,3 days 29:35:10
907,Translation Summer,Drama,25.87,13,1.99,2005-08-20 11:37:56,4,13,3 days 30:10:04.615384
175,Confused Candles,Family,99.84,16,6.24,2005-08-20 16:17:27,5,16,5 days 26:14:37.5
229,Devil Desire,Action,78.86,14,5.6328571428571435,2006-02-14 15:16:03,4,14,4 days 27:45:23.076923
141,Chicago North,Games,84.85,15,5.656666666666666,2005-08-21 22:12:45,5,15,5 days 11:58:48
934,Vanilla Day,Games,52.91,9,5.878888888888889,2005-08-21 12:47:38,3,9,5 days 13:37:13.333333
842,State Wasteland,Games,55.89,12,4.6575,2006-02-14 15:16:03,4,12,4 days 33:06:27.272727
966,Wedding Apollo,Documentary,71.79,21,3.4185714285714286,2006-02-14 15:16:03,6,20,4 days 33:43:45
667,Peach Innocent,Sports,80.86,13,6.22,2006-02-14 15:16:03,4,13,5 days 19:27:50
949,Volcano Texas,Games,32.81,19,1.726842105263158,2006-02-14 15:16:03,6,19,4 days 22:40:26.666667
228,Detective Vision,Classics,62.76,24,2.615,2006-02-14 15:16:03,7,22,4 days 32:30:18.260869
236,Divine Resurrection,Games,64.85,15,4.323333333333332,2006-02-14 15:16:03,4,15,4 days 18:24:25.714286
486,Jet Neighbors,Foreign,92.83,17,5.460588235294118,2005-08-23 19:19:06,6,15,5 days 21:25:07.058823
440,Hunger Roof,Foreign,19.88,12,1.6566666666666667,2006-02-14 15:16:03,4,11,5 days 28:54:38.181818
64,Beethoven Exorcist,Drama,16.89,11,1.5354545454545456,2005-08-20 21:21:34,3,11,4 days 18:23:10.909091
589,Modern Dorado,Documentary,42.88,12,3.5733333333333333,2005-08-23 14:31:50,4,12,5 days 11:50:20
865,Sunrise League,Animation,155.78,22,7.08090909090909,2005-08-22 11:01:15,6,21,4 days 19:54:16.363637
373,Graduate Lord,Children,42.87,13,3.297692307692308,2005-08-22 06:30:10,5,13,4 days 25:02:27.692308
657,Paradise Sabrina,Comedy,79.82,18,4.434444444444445,2005-08-22 02:13:51,6,18,4 days 31:01:10
319,Fish Opus,Sci-Fi,94.78,22,4.308181818181818,2005-08-23 17:57:35,7,22,4 days 22:00:43.636364
178,Connection Microcosmos,Comedy,8.95,5,1.79,2006-02-14 15:16:03,2,5,5 days 24:27:30
951,Voyage Legally,Classics,42.75,25,1.71,2005-08-23 22:26:47,7,24,5 days 13:06:04.8
435,Hotel Happiness,Foreign,41.92,8,5.24,2005-08-22 19:23:58,2,8,4 days 13:46:22.5
164,Coast Rainbow,Documentary,37.82,18,2.1011111111111114,2005-08-23 10:00:24,5,18,3 days 32:53:46.666667
845,Stepmom Dream,Foreign,99.81,19,5.253157894736842,2005-08-22 22:12:02,7,19,4 days 34:02:31.578947
587,Mod Secretary,Documentary,48.91,9,5.434444444444445,2005-08-21 09:16:40,3,9,4 days 10:16:00
930,Vacation Boondock,Sci-Fi,89.81,19,4.726842105263158,2005-08-23 11:40:30,6,19,4 days 19:58:56.842105
167,Coma Head,Travel,122.77,23,5.337826086956522,2005-08-23 02:06:41,7,23,4 days 13:28:05.217392
168,Comancheros Enemy,Children,9.94,6,1.6566666666666667,2005-08-23 22:25:26,2,6,2 days 26:13:30
953,Wait Cider,Animation,73.82,18,4.101111111111111,2005-08-23 14:07:56,6,16,5 days 24:08:56.666667
753,Rush Goodfellas,Family,81.72,28,2.9185714285714286,2005-08-22 10:29:44,8,27,4 days 12:36:10.714285
519,Liberty Magnificent,Sports,67.89,11,6.171818181818182,2005-08-23 06:03:31,4,11,5 days 20:57:49.090909
110,Cabin Flash,Children,39.86,14,2.847142857142857,2005-08-21 15:57:25,4,14,5 days 14:49:04.285714
22,Amistad Midsummer,New,70.79,21,3.3709523809523807,2006-02-14 15:16:03,7,21,4 days 13:49:51
803,Slacker Liaisons,Drama,86.84,16,5.4275,2005-08-23 13:18:46,6,15,4 days 20:24:11.25
199,Cupboard Sinners,Documentary,103.78,22,4.717272727272727,2005-08-22 09:37:54,8,22,4 days 29:24:35.454546
267,Eagles Panky,New,134.81,19,7.0952631578947365,2006-02-14 15:16:03,6,18,5 days 18:10:46.666667
579,Minds Truman,Action,144.81,19,7.621578947368421,2005-08-22 14:27:46,7,18,4 days 29:10:50.526316
985,Wonderland Christmas,Sci-Fi,142.79,21,6.7995238095238095,2005-08-23 19:54:24,7,20,4 days 20:47:54.285714
381,Grinch Massage,Games,76.86,14,5.49,2005-08-22 14:41:05,5,13,4 days 29:10:04.285715
862,Summer Scarface,Classics,32.86,14,2.347142857142857,2006-02-14 15:16:03,5,14,5 days 13:35:18.461538
539,Luck Opus,Drama,21.93,7,3.132857142857143,2005-08-19 13:09:54,2,7,4 days 13:57:51.428572
707,Quest Mussolini,Action,77.8,20,3.89,2005-08-23 08:19:55,6,20,3 days 30:30:33
94,Braveheart Human,Family,16.95,5,3.39,2005-08-20 16:05:11,2,5,3 days 24:28:36
218,Deceiver Betrayed,Drama,24.8,20,1.24,2005-08-22 17:53:06,7,20,3 days 24:34:09
249,Dracula Crystal,Classics,22.81,19,1.2005263157894737,2005-08-23 20:29:56,6,19,4 days 20:56:00
86,Boogie Amelie,Music,140.74,25,5.6296,2006-02-14 15:16:03,8,24,4 days 13:56:22.5
962,Wasteland Divine,Classics,40.88,12,3.4066666666666667,2005-08-21 11:20:21,4,12,4 days 28:55:15
188,Crazy Home,Comedy,26.91,9,2.99,2005-08-22 13:20:28,3,9,3 days 33:17:33.333333
479,Jedi Beneath,Family,20.82,18,1.1566666666666667,2005-08-21 14:52:14,5,18,4 days 19:49:03.333333
452,Illusion Amelie,Foreign,34.87,13,2.6823076923076923,2005-08-23 22:42:48,4,13,4 days 22:47:04.615385
636,Oleander Clue,Music,24.91,9,2.7677777777777774,2005-08-22 10:00:04,3,9,5 days 30:55:26.666667
371,Gosford Donnie,Action,48.92,8,6.115,2005-08-22 07:35:31,3,8,4 days 11:23:07.5
282,Encounters Curtain,Drama,38.82,18,2.1566666666666667,2005-08-23 13:25:08,6,18,4 days 22:12:33.333333
879,Telegraph Voyage,Music,215.75,25,8.63,2005-08-23 08:27:57,7,25,6 days 14:27:33.6
586,Mockingbird Hollywood,Action,53.78,22,2.4445454545454544,2006-02-14 15:16:03,8,22,4 days 19:18:31.428571
363,Go Purple,Music,43.83,17,2.5782352941176474,2005-08-23 14:38:37,6,17,3 days 31:31:21.17647
467,Intrigue Worst,Foreign,36.81,19,1.937368421052632,2006-02-14 15:16:03,7,18,4 days 34:48:53.333333
854,Strangers Graffiti,Horror,104.86,14,7.49,2005-08-23 11:17:26,4,13,5 days 27:33:55.714286
18,Alter Victory,Animation,30.8,20,1.54,2005-08-23 03:44:51,6,20,4 days 18:53:27
523,Lights Deer,Classics,7.93,7,1.1328571428571428,2005-08-18 13:42:14,2,7,5 days 12:13:08.571429
72,Bill Others,Documentary,63.82,18,3.545555555555556,2005-08-23 19:50:06,6,18,4 days 18:27:30
40,Army Flintstones,Documentary,36.86,14,2.632857142857143,2005-08-22 18:27:33,4,14,4 days 22:37:42.857142
432,Hope Tootsie,Classics,72.83,17,4.284117647058824,2005-08-22 11:43:04,5,17,3 days 33:16:52.941176
426,Home Pity,Music,66.88,12,5.573333333333332,2005-08-21 09:39:50,3,12,5 days 22:07:20
825,Speakeasy Date,Action,41.89,11,3.8081818181818177,2005-08-21 17:48:49,3,11,4 days 25:55:16.363636
975,Willow Tracy,Family,52.85,15,3.523333333333333,2005-08-23 10:11:40,5,15,4 days 27:31:36
833,Splendor Patton,Children,40.79,21,1.9423809523809523,2005-08-23 14:23:03,7,21,4 days 18:29:48.571428
219,Deep Crusade,Documentary,75.87,13,5.836153846153846,2006-02-14 15:16:03,4,13,5 days 21:38:40
711,Raging Airplane,Sci-Fi,77.88,12,6.49,2005-08-23 02:51:27,4,12,4 days 14:38:40
814,Snatch Slipper,Comedy,117.8,20,5.89,2005-08-23 15:34:46,7,19,5 days 23:01:30
689,Pollock Deliverance,Foreign,66.82,17,3.9305882352941177,2006-02-14 15:16:03,6,16,4 days 17:31:26.25
414,Hellfighters Sierra,Foreign,92.81,19,4.884736842105263,2005-08-23 15:34:49,6,19,3 days 29:59:53.684211
309,Feud Frogmen,Family,31.8,20,1.59,2005-08-22 16:11:32,6,20,4 days 19:25:42
594,Montezuma Command,Action,11.91,9,1.3233333333333333,2005-08-23 14:35:10,3,9,3 days 27:31:53.333333
240,Dolls Rage,Sci-Fi,27.92,8,3.49,2005-08-22 01:00:42,3,8,6 days 12:58:45
768,Scarface Bang,Children,106.84,16,6.6775,2006-02-14 15:16:03,6,16,3 days 34:27:20
474,Jade Bunch,Sports,53.85,15,3.59,2005-08-23 15:30:48,4,15,3 days 34:30:56
577,Mile Mulan,Sports,33.89,11,3.0809090909090906,2005-08-21 13:22:48,3,11,5 days 11:13:27.272727
672,Perfect Groove,Comedy,53.84,16,3.365,2005-08-23 21:37:59,6,16,5 days 27:26:37.5
560,Mars Roman,Games,30.83,17,1.8135294117647056,2005-08-22 18:53:28,5,17,5 days 16:45:07.058824
109,Butterfly Chocolat,New,108.74,26,4.182307692307692,2005-08-22 20:47:48,8,25,5 days 24:03:43.846154
279,Elizabeth Shane,Sports,36.93,7,5.275714285714286,2005-08-21 14:51:52,2,7,4 days 21:56:42.857143
770,Scissorhands Slums,Foreign,42.88,12,3.5733333333333333,2005-08-22 05:59:59,3,12,2 days 30:40:15
761,Santa Paris,Children,29.9,10,2.99,2005-08-23 20:20:37,3,10,4 days 17:07:54
122,Carrie Bunch,Horror,34.77,23,1.5117391304347827,2005-08-23 21:17:17,7,23,4 days 18:21:20.869566
173,Confessions Maguire,Drama,70.87,13,5.451538461538462,2005-08-22 15:21:56,5,13,4 days 25:48:23.076923
824,Spartacus Cheaper,Family,60.91,9,6.767777777777778,2005-08-21 08:40:21,4,9,4 days 33:40:53.333333
977,Window Side,Travel,50.89,11,4.626363636363637,2006-02-14 15:16:03,3,11,4 days 12:00:18
133,Chamber Italian,Music,65.88,13,5.067692307692308,2006-02-14 15:16:03,4,13,6 days 15:36:10
832,Splash Gump,Family,33.86,14,2.4185714285714286,2005-08-22 09:49:32,4,14,5 days 19:16:12.857143
964,Waterfront Deliverance,Action,116.84,16,7.3025,2005-08-21 20:12:30,5,16,5 days 20:02:26.25
940,Victory Academy,Sports,12.91,9,1.4344444444444444,2005-08-22 23:18:10,3,9,3 days 26:00:20
774,Searchers Wait,Comedy,75.86,14,5.418571428571429,2005-08-20 21:26:55,4,14,4 days 28:14:17.142857
376,Grapes Fury,Foreign,56.77,22,2.580454545454545,2006-02-14 15:16:03,7,22,3 days 30:46:14.285715
942,Vietnam Smoochy,Drama,21.86,14,1.5614285714285714,2005-08-21 19:54:11,4,13,4 days 24:17:34.285714
698,Princess Giant,Documentary,121.77,24,5.07375,2006-02-14 15:16:03,7,23,4 days 25:30:49.565218
529,Lonely Elephant,Comedy,65.87,13,5.066923076923077,2005-08-21 16:44:32,4,13,4 days 16:04:09.230769
520,License Weekend,Sci-Fi,17.94,6,2.99,2005-08-20 05:10:39,2,6,2 days 19:25:30
961,Wash Heavenly,Foreign,104.8,20,5.24,2005-08-21 22:53:01,5,19,4 days 17:01:48
603,Movie Shakespeare,Family,125.78,23,5.4686956521739125,2006-02-14 15:16:03,6,22,4 days 24:41:57.272728
453,Image Princess,Sports,76.86,14,5.49,2005-08-23 17:57:28,5,14,4 days 24:03:42.857143
44,Attacks Hate,Sci-Fi,101.84,16,6.365,2005-08-23 04:48:12,5,16,5 days 18:01:30
346,Galaxy Sweethearts,Classics,105.84,16,6.615,2005-08-22 23:17:41,6,16,4 days 13:17:22.5
756,Saddle Antitrust,Comedy,32.89,11,2.99,2005-08-23 19:46:39,3,11,4 days 12:46:49.090909
885,Texas Watch,Horror,5.94,6,0.99,2005-08-21 21:02:22,2,6,2 days 24:24:00
57,Basic Easy,Travel,87.8,20,4.39,2006-02-14 15:16:03,7,20,4 days 16:43:15.789474
398,Hanover Galaxy,Music,81.86,14,5.847142857142857,2005-08-20 18:42:40,4,14,3 days 30:15:00
574,Midnight Westward,Action,38.84,16,2.4275,2006-02-14 15:16:03,5,15,3 days 21:48:00
804,Sleeping Suspects,Horror,121.78,22,5.535454545454545,2006-02-14 15:16:03,7,22,4 days 24:19:05.714286
744,Roots Remember,Classics,37.86,14,2.704285714285714,2005-08-23 16:27:24,5,14,4 days 28:36:21.428572
303,Fantasy Troopers,Action,35.79,21,1.7042857142857144,2005-08-22 12:16:46,6,19,4 days 29:44:28.571428
869,Suspects Quills,Action,118.73,27,4.397407407407408,2006-02-14 15:16:03,7,25,4 days 22:49:20.769231
648,Outlaw Hanky,Travel,73.86,14,5.275714285714286,2006-02-14 15:16:03,6,13,4 days 22:07:04.615385
561,Mask Peach,New,49.86,14,3.5614285714285714,2005-08-22 15:56:42,4,13,4 days 23:57:47.142857
767,Scalawag Duck,Music,157.71,29,5.4382758620689655,2005-08-23 17:13:01,8,29,3 days 31:45:18.62069
722,Reef Salute,Horror,23.89,11,2.1718181818181814,2005-08-22 16:32:23,4,11,5 days 11:25:49.09091
787,Shining Roses,Travel,22.92,8,2.865,2005-08-23 15:05:59,3,8,4 days 30:30:00
151,Cincinatti Whisperer,Sci-Fi,71.89,11,6.535454545454545,2006-02-14 15:16:03,4,11,5 days 31:24:30
968,Werewolf Lola,Action,68.88,12,5.74,2005-08-23 20:00:30,3,12,4 days 27:40:30
246,Doubtfire Labyrinth,Foreign,52.91,9,5.878888888888889,2005-08-21 00:44:34,3,9,4 days 16:43:06.666667
668,Peak Forever,Sports,94.82,18,5.267777777777778,2005-08-23 15:08:00,5,18,4 days 13:22:26.666667
104,Bugsy Song,Foreign,45.91,9,5.101111111111111,2005-08-21 16:03:27,3,9,4 days 34:11:26.666667
806,Sleepy Japanese,New,76.83,18,4.268333333333333,2006-02-14 15:16:03,5,18,4 days 27:20:24.705882
350,Garden Island,Sci-Fi,134.82,18,7.49,2005-08-23 10:23:28,8,18,4 days 33:48:23.333333
732,Rings Heartbreakers,Action,31.87,13,2.451538461538461,2005-08-23 02:55:42,4,13,5 days 29:18:36.923077
166,Color Philadelphia,Classics,87.78,22,3.99,2005-08-23 22:06:15,6,22,5 days 17:24:54.545454
947,Vision Torque,Foreign,11.94,6,1.99,2005-08-22 16:35:47,2,6,3 days 37:57:00
901,Tracy Cider,Animation,78.76,24,3.2816666666666667,2005-08-23 14:02:13,7,24,4 days 28:47:40
834,Spoilers Hellfighters,Documentary,18.91,9,2.1011111111111114,2005-08-23 10:57:40,3,9,3 days 30:18:40
721,Reds Pocus,Music,47.92,8,5.99,2005-08-23 21:04:51,2,8,6 days 31:29:07.5
191,Crooked Frogmen,Children,38.79,21,1.8471428571428568,2006-02-14 15:16:03,6,21,4 days 25:26:48
308,Ferris Mother,Comedy,70.85,15,4.723333333333333,2005-08-22 21:39:45,4,15,3 days 27:44:24
918,Twisted Pirates,Children,66.89,11,6.08090909090909,2005-08-23 12:33:41,4,11,3 days 26:31:05.454546
735,Robbers Joon,Children,85.74,26,3.297692307692308,2005-08-22 04:09:18,7,26,3 days 36:27:48.461539
313,Fidelity Devil,Horror,117.82,18,6.545555555555556,2005-08-23 06:41:07,6,18,4 days 30:44:03.333333
355,Ghostbusters Elf,Animation,8.93,7,1.2757142857142856,2005-08-23 13:24:57,2,7,4 days 29:30:42.857143
183,Conversation Downhill,Family,114.83,17,6.7547058823529404,2006-02-14 15:16:03,6,17,5 days 15:42:52.5
621,Network Peak,Family,116.73,27,4.323333333333332,2005-08-23 09:07:11,8,27,5 days 13:24:00
731,Right Cranes,Classics,52.9,10,5.29,2005-08-21 06:39:08,3,10,4 days 24:20:00
591,Monsoon Cause,Games,54.91,9,6.101111111111111,2005-08-19 10:33:52,3,9,5 days 14:57:46.666667
727,Resurrection Silverado,Family,24.81,19,1.3057894736842104,2005-08-22 06:46:59,5,19,4 days 19:32:18.947368
43,Atlantis Cause,Family,75.79,21,3.6090476190476193,2005-08-19 06:38:59,7,21,4 days 15:53:05.714286
200,Curtain Videotape,Games,34.77,24,1.44875,2006-02-14 15:16:03,8,23,5 days 15:56:20.869566
666,Paycheck Wait,Drama,101.84,16,6.365,2005-08-23 16:50:53,5,16,4 days 17:01:48.75
878,Teen Apollo,Travel,109.86,14,7.847142857142858,2005-08-21 03:32:03,4,14,4 days 37:13:00
142,Chicken Hellfighters,Documentary,58.81,19,3.095263157894737,2005-08-23 22:06:34,5,19,4 days 14:31:12.631579
565,Matrix Snowman,Foreign,40.92,8,5.115,2005-08-21 09:20:03,2,8,3 days 21:39:15
290,Everyone Craft,Foreign,22.89,11,2.0809090909090906,2005-08-23 22:24:39,3,11,3 days 20:07:38.181819
795,Siege Madre,Family,16.86,14,1.2042857142857144,2005-08-23 06:33:26,4,14,4 days 28:15:55.714286
321,Flash Wars,New,87.88,12,7.323333333333332,2005-08-23 15:21:35,4,12,4 days 28:04:35
1,Academy Dinosaur,Documentary,33.79,21,1.609047619047619,2005-08-23 01:01:01,7,21,4 days 23:39:48
388,Gunfight Moon,Comedy,46.79,21,2.228095238095238,2006-02-14 15:16:03,6,19,4 days 34:05:31.578948
225,Destination Jerk,Drama,31.92,8,3.99,2005-08-21 17:08:33,3,8,5 days 19:21:22.5
209,Darkness War,Drama,45.88,12,3.823333333333333,2005-08-22 00:40:49,4,12,5 days 19:21:05
914,Trouble Date,Travel,70.81,20,3.5405,2006-02-14 15:16:03,6,20,4 days 36:40:28.421053
886,Theory Mermaid,Animation,30.88,11,2.8072727272727276,2006-02-14 15:16:03,4,11,5 days 16:54:06
637,Open African,Sci-Fi,103.81,19,5.463684210526316,2005-08-23 17:39:35,5,19,4 days 21:41:18.947368
762,Sassy Packer,Games,14.88,12,1.24,2005-08-22 21:19:24,4,12,3 days 38:03:40
563,Massacre Usual,Games,149.75,25,5.99,2005-08-23 17:02:00,7,24,5 days 18:26:36
23,Anaconda Confessions,Animation,51.82,18,2.8788888888888886,2005-08-20 21:21:08,5,18,4 days 10:04:43.333333
838,Stagecoach Armageddon,Action,138.77,23,6.033478260869565,2005-08-23 16:19:02,6,23,4 days 24:23:36.521739
146,Chitty Lock,Drama,28.92,8,3.615,2006-02-14 15:16:03,3,8,4 days 27:57:51.428572
31,Apache Divine,Family,160.72,28,5.74,2005-08-23 15:10:42,8,28,3 days 32:44:12.857143
678,Pickup Driving,Sports,93.85,15,6.256666666666667,2005-08-20 12:11:28,4,15,5 days 26:50:32
114,Camelot Vacation,Sci-Fi,93.76,24,3.9066666666666663,2006-02-14 15:16:03,7,24,5 days 16:49:54.782608
823,South Wait,Action,102.79,21,4.894761904761904,2006-02-14 15:16:03,7,21,4 days 30:41:54
788,Ship Wonderland,Documentary,44.86,14,3.204285714285714,2005-08-22 01:35:37,4,14,2 days 27:12:30
476,Jason Trap,Family,97.77,23,4.250869565217391,2006-02-14 15:16:03,7,23,4 days 31:54:13.636363
78,Blackout Private,Animation,78.77,23,3.424782608695652,2005-08-23 01:39:10,7,23,3 days 24:04:39.130435
276,Element Freddy,Comedy,56.9,10,5.69,2005-08-23 13:06:19,4,10,4 days 33:06:18
931,Valentine Vanishing,Travel,12.9,10,1.29,2005-08-19 07:47:43,3,10,4 days 32:05:54
471,Island Exorcist,Classics,76.77,23,3.3378260869565217,2005-08-23 11:28:49,7,23,4 days 26:34:49.565217
623,Newton Labyrinth,Foreign,46.84,16,2.9275,2005-08-22 11:43:42,5,16,5 days 13:31:52.5
242,Doom Dancing,Comedy,58.83,17,3.4605882352941175,2005-08-22 19:08:49,5,17,5 days 27:32:49.411765
484,Jerk Paycheck,Classics,104.81,19,5.516315789473684,2005-08-23 12:26:19,7,18,4 days 32:54:37.894737
856,Streetcar Intentions,Horror,137.77,23,5.99,2005-08-23 02:08:18,8,21,3 days 29:31:36.521739
312,Fiddler Lost,Sci-Fi,64.9,10,6.49,2005-08-23 14:12:22,3,10,4 days 19:18:54
656,Papi Necklace,Travel,27.93,7,3.99,2005-08-17 17:16:42,2,7,5 days 16:13:08.571429
39,Armageddon Lost,Sci-Fi,41.8,20,2.09,2006-02-14 15:16:03,7,20,4 days 24:43:18.947369
165,Coldblooded Darling,Sci-Fi,89.84,16,5.615,2005-08-23 05:39:06,5,15,5 days 16:54:52.5
600,Motions Details,Horror,25.87,14,1.8478571428571429,2006-02-14 15:16:03,4,14,3 days 31:33:46.153846
980,Wizard Coldblooded,Music,90.85,15,6.056666666666667,2005-08-23 10:32:52,5,15,3 days 21:25:36
328,Forever Candidate,Children,40.88,12,3.4066666666666667,2005-08-23 19:35:42,4,12,4 days 12:25:25
998,Zhivago Core,Horror,10.93,7,1.5614285714285714,2006-02-14 15:16:03,2,7,5 days 23:38:30
273,Effect Gladiator,Family,40.79,21,1.9423809523809523,2006-02-14 15:16:03,7,20,4 days 33:09:42
528,Lolita World,Family,45.91,9,5.101111111111111,2005-08-23 21:13:39,3,9,5 days 17:21:00
402,Harper Dying,Animation,77.8,20,3.89,2005-08-23 21:59:26,6,20,5 days 16:09:06
736,Robbery Bright,Family,32.88,12,2.74,2005-08-21 21:27:24,4,12,4 days 18:28:30
283,Ending Crowds,New,17.9,10,1.79,2005-08-21 19:09:40,3,10,4 days 21:10:54
758,Saints Bride,Drama,31.92,8,3.99,2005-08-23 19:59:33,3,8,4 days 16:45:30
837,Stage World,Comedy,46.9,10,4.69,2005-08-21 04:49:41,3,10,4 days 34:26:24
945,Virginian Pluto,Documentary,47.75,25,1.91,2006-02-14 15:16:03,8,24,4 days 14:49:40
562,Masked Bubble,Music,24.81,19,1.3057894736842104,2005-08-23 11:30:32,6,18,3 days 21:32:25.263157
162,Clueless Bucket,Action,105.77,23,4.598695652173912,2005-08-23 10:25:45,7,23,4 days 19:40:52.173913
967,Weekend Personal,Sci-Fi,71.83,17,4.225294117647058,2005-08-22 23:35:41,5,17,4 days 26:33:42.352942
513,Leathernecks Dwarfs,Travel,21.94,6,3.6566666666666663,2005-08-18 07:16:58,2,6,4 days 17:43:00
366,Goldfinger Sensibility,Drama,67.79,21,3.228095238095238,2005-08-22 00:46:54,7,21,4 days 23:37:45.714286
422,Hollow Jeopardy,Sci-Fi,39.92,8,4.99,2005-08-22 11:49:16,2,8,3 days 29:03:30
536,Lovely Jingle,Classics,62.87,13,4.836153846153846,2006-02-14 15:16:03,5,12,3 days 40:17:30
9,Alabama Devil,Horror,71.88,12,5.99,2005-08-23 14:26:51,5,12,5 days 13:46:00
784,Shanghai Tycoon,Travel,43.86,14,3.132857142857143,2005-08-21 19:01:36,6,14,3 days 22:51:47.142857
256,Drop Waterfront,Sports,43.92,8,5.49,2005-08-22 10:39:51,3,8,4 days 28:36:00
944,Virgin Daisy,Drama,86.84,16,5.4275,2005-08-22 19:45:57,5,15,4 days 18:43:33.75
304,Fargo Gandhi,Children,94.79,21,4.513809523809524,2005-08-22 06:29:34,6,21,3 days 23:40:48.571429
30,Anything Savannah,Horror,43.92,8,5.49,2005-08-22 02:09:12,2,8,5 days 26:46:30
747,Roxanne Rebel,Games,29.83,17,1.7547058823529411,2005-08-23 09:01:10,5,16,3 days 31:51:28.235294
576,Mighty Luck,Documentary,31.9,10,3.19,2005-08-23 08:09:11,3,9,5 days 17:16:00
877,Taxi Kick,Music,34.83,17,2.0488235294117647,2005-08-22 08:27:27,5,17,3 days 37:42:24.705883
99,Bringing Hysterical,Comedy,68.81,19,3.621578947368421,2005-08-23 07:53:38,6,19,5 days 25:09:25.263158
